simulation,final_balance,max_drawdown,max_dd_duration,profit_loss
1,23694.37274015359,6.528399733902904,24.0,13694.37274015359
2,13532.126993696893,16.578873687397103,112.0,3532.126993696893
3,16208.124734681516,9.896903258214742,60.0,6208.124734681516
4,19046.058521407896,9.632976268090351,28.0,9046.058521407896
5,15686.851266621645,19.23060329614794,99.0,5686.851266621645
6,16671.08121619851,6.84464855429775,53.0,6671.081216198509
7,17019.515917749835,10.49158028083718,101.0,7019.515917749835
8,23858.733715236976,10.694399174663378,42.0,13858.733715236976
9,18234.064152101273,7.475386310500143,51.0,8234.064152101273
10,20392.126780048926,10.047629898634353,70.0,10392.126780048926
11,19071.823177484854,6.602495222616484,69.0,9071.823177484854
12,16598.766671819332,7.977785872766963,31.0,6598.766671819332
13,17649.072208384234,7.53804332826376,60.0,7649.072208384234
14,17641.07049394913,8.037729758908164,50.0,7641.07049394913
15,20514.630237638055,8.172717930346614,46.0,10514.630237638055
16,25603.741524614103,3.741229340713707,17.0,15603.741524614103
17,14666.037404052335,12.873216724523035,103.0,4666.037404052335
18,16347.060626329137,9.48715114399655,37.0,6347.060626329137
19,23333.615183409034,7.385246800834308,17.0,13333.615183409034
20,21319.383814103527,7.3387265896673535,51.0,11319.383814103527
21,13497.5034663775,15.486979761878365,102.0,3497.5034663775004
22,20279.112523491378,7.591573658730715,59.0,10279.112523491378
23,23154.18628301673,8.938104621103683,26.0,13154.18628301673
24,17994.141618381153,13.307447029017085,39.0,7994.1416183811525
25,14290.277144365386,8.937455927382276,51.0,4290.2771443653855
26,17074.12003418975,10.50856454238959,50.0,7074.120034189749
27,17669.150150686582,15.367908444918266,83.0,7669.1501506865825
28,15348.816358036027,14.414937071725342,84.0,5348.816358036027
29,16128.171584071033,7.4539185130255845,35.0,6128.171584071033
30,15742.950349366269,12.201389501887814,60.0,5742.950349366269
31,17993.95962910926,9.444900162548711,46.0,7993.95962910926
32,13436.436498080378,14.476434179718447,109.0,3436.4364980803784
33,17090.146867814146,14.840104125355175,70.0,7090.146867814146
34,18678.074397028256,5.140109932957598,51.0,8678.074397028256
35,22454.250978592016,5.613451740670544,25.0,12454.250978592016
36,19727.90853175781,9.137319862771475,36.0,9727.90853175781
37,17979.83182718004,7.892071988074324,39.0,7979.831827180042
38,16010.788605550802,11.090777626385576,82.0,6010.7886055508025
39,18604.814022691236,6.163685069420117,38.0,8604.814022691236
40,17339.63977251891,7.367504884691069,49.0,7339.639772518909
41,14390.181818389388,20.917359096127562,174.0,4390.181818389388
42,19421.841881119002,9.364569211113473,74.0,9421.841881119002
43,14645.465259927127,14.827719883842219,74.0,4645.465259927127
44,21133.91528706605,7.107620102051042,34.0,11133.915287066051
45,19924.961341862007,17.03168478948747,68.0,9924.961341862007
46,15126.4390379121,11.804230469234225,43.0,5126.4390379121
47,17411.93939369854,12.165636702093984,46.0,7411.93939369854
48,20406.31951336792,11.25974132359612,76.0,10406.319513367918
49,14419.74710970533,11.76803918041578,142.0,4419.747109705329
50,18489.840392882048,7.94859431045177,43.0,8489.840392882048
51,18577.04966519661,13.94438375733682,100.0,8577.04966519661
52,22185.67328827294,12.591122536702889,66.0,12185.673288272941
53,15963.767101927726,9.302668436693736,87.0,5963.767101927726
54,17644.425556440227,10.96418932983591,119.0,7644.4255564402265
55,13263.603478807998,18.456940172522888,188.0,3263.603478807998
56,15917.024105049393,12.806314934791246,69.0,5917.024105049393
57,20506.70572549731,5.832339379844505,26.0,10506.705725497312
58,18071.77097890734,12.171882724783371,67.0,8071.7709789073415
59,21149.287465234545,12.352801610890742,68.0,11149.287465234545
60,23423.038812113387,3.8020535484548477,23.0,13423.038812113387
61,19819.0337175429,6.180841763082684,20.0,9819.033717542901
62,18808.37931350828,5.33066665013396,49.0,8808.379313508281
63,16947.032379193213,11.423106213878533,50.0,6947.032379193213
64,15211.52419793592,13.835964773769287,73.0,5211.52419793592
65,20022.629896153077,6.946544845153954,33.0,10022.629896153077
66,17479.27182132237,10.545255177934044,87.0,7479.271821322371
67,15307.48460024377,9.630760328609473,58.0,5307.48460024377
68,22581.121309437527,10.043779738424245,26.0,12581.121309437527
69,18521.94934866573,11.27077029997226,66.0,8521.94934866573
70,22640.23920256297,5.725919109700952,52.0,12640.23920256297
71,21546.083433684922,5.654480066447733,23.0,11546.083433684922
72,21741.320117512318,12.700343143053578,31.0,11741.320117512318
73,17021.12977380702,11.095954223861481,65.0,7021.129773807021
74,18665.46354703064,7.462063526748554,40.0,8665.463547030638
75,19950.1727698982,5.916659238865994,28.0,9950.1727698982
76,12993.358278434156,16.81807098229503,117.0,2993.358278434156
77,19671.19728961827,6.2011826551730485,43.0,9671.19728961827
78,24685.723092714135,5.890326111914888,49.0,14685.723092714135
79,17368.46937362849,4.910667762102652,34.0,7368.46937362849
80,22030.040295506096,4.981525865764585,21.0,12030.040295506096
81,16087.53858965009,8.74010128499136,59.0,6087.53858965009
82,17764.69146011675,6.480734776263103,87.0,7764.691460116748
83,18266.811604494156,13.522274223717625,69.0,8266.811604494156
84,18021.402376020338,11.425917279594977,109.0,8021.402376020338
85,17428.17098148453,6.858243683184974,48.0,7428.170981484531
86,15914.920498626616,7.350890851299491,41.0,5914.920498626616
87,20711.230485738015,11.303236941825777,27.0,10711.230485738015
88,16696.427039073285,8.472719371116565,45.0,6696.427039073285
89,17870.823947297118,8.77750692686779,38.0,7870.823947297118
90,18154.086494793322,7.47102877269686,52.0,8154.086494793322
91,17459.917564372172,9.968455171728746,64.0,7459.917564372172
92,16704.651209704076,8.114905303299642,40.0,6704.651209704076
93,20691.131650607218,6.110889485528823,25.0,10691.131650607218
94,20161.854028515358,7.613344472571945,51.0,10161.854028515358
95,16700.27552087203,9.34417266985535,63.0,6700.27552087203
96,19258.087304163233,9.080762375734938,34.0,9258.087304163233
97,18464.530701253083,9.999551759023607,49.0,8464.530701253083
98,22000.822801117756,6.582840706306646,26.0,12000.822801117756
99,19363.710004358385,8.881730010043738,83.0,9363.710004358385
100,30237.392776867066,5.334535067129009,21.0,20237.392776867066
101,18661.14606350402,11.657593708505392,53.0,8661.14606350402
102,20588.708879746893,7.932695015068568,34.0,10588.708879746893
103,24759.719878181604,6.689533384763056,22.0,14759.719878181604
104,15074.424669152348,13.565597039034433,108.0,5074.424669152348
105,12898.672142285035,19.54385008721331,112.0,2898.672142285035
106,16855.396800025046,20.724677609521155,99.0,6855.396800025046
107,17071.88355487278,8.119691330244775,64.0,7071.88355487278
108,8195.990801001717,31.183475006011165,294.0,-1804.009198998283
109,14418.71498482212,12.83434264388506,76.0,4418.71498482212
110,17514.57280112544,5.178196409254389,50.0,7514.57280112544
111,18334.640352258215,7.800002787302826,34.0,8334.640352258215
112,16184.32922214498,12.30623606522263,61.0,6184.329222144979
113,17804.56898925569,22.75173875318154,88.0,7804.568989255691
114,18391.638894138305,6.677328999695392,39.0,8391.638894138305
115,21485.404051844853,10.447772929258035,71.0,11485.404051844853
116,16542.151955714304,9.37616018956539,53.0,6542.151955714304
117,23210.730285186346,5.997943898638432,75.0,13210.730285186346
118,18819.484717031137,10.493916517843564,56.0,8819.484717031137
119,19777.63702914073,11.918138902223834,99.0,9777.63702914073
120,12137.437451817532,30.366253189696902,208.0,2137.437451817532
121,9241.119038591252,25.803123457360115,295.0,-758.8809614087477
122,15313.214824161005,12.562634454969357,62.0,5313.214824161005
123,20868.167668794915,8.616320918128025,38.0,10868.167668794915
124,20481.887782777565,5.422441989537175,36.0,10481.887782777565
125,15340.28231371175,11.875233863884493,76.0,5340.28231371175
126,16458.409870590862,9.855470340966937,52.0,6458.409870590862
127,17282.16820209867,7.775909608238521,46.0,7282.16820209867
128,16629.919831023886,11.436771389053549,91.0,6629.919831023886
129,20164.68650061018,5.4281260789439765,45.0,10164.68650061018
130,20388.725717360143,8.901840386434992,71.0,10388.725717360143
131,20291.268784079737,9.089330742404314,46.0,10291.268784079737
132,18656.510554322267,6.103059840938639,37.0,8656.510554322267
133,11958.24677834892,15.354283944102992,163.0,1958.2467783489192
134,19503.435806179907,8.37914812590547,53.0,9503.435806179907
135,25685.48327596788,4.502552749721922,32.0,15685.48327596788
136,14455.87204474314,8.346404474337337,89.0,4455.872044743141
137,18493.37642903575,9.1401789099599,37.0,8493.37642903575
138,21723.667846959175,6.983865474735087,94.0,11723.667846959175
139,15430.050935087125,15.466597305172442,72.0,5430.050935087125
140,17435.57445108539,6.747048987680171,54.0,7435.574451085391
141,17025.8745592754,7.530018594276314,91.0,7025.8745592753985
142,17924.987263050898,7.603298543419412,41.0,7924.987263050898
143,17213.15093401662,6.8979720125101815,31.0,7213.150934016619
144,21935.179889787276,11.741808603299486,32.0,11935.179889787276
145,19164.61467281967,10.251807938614139,36.0,9164.614672819669
146,17925.32832944354,12.768166674336618,46.0,7925.328329443539
147,19268.670596391203,8.388669188014442,36.0,9268.670596391203
148,16372.723568214962,18.14577094759438,70.0,6372.723568214962
149,18121.65400891551,7.2325379656791045,27.0,8121.65400891551
150,19471.048280350413,5.931455595113714,46.0,9471.048280350413
151,14147.357977615995,11.594900261464502,110.0,4147.357977615995
152,20900.26121944888,6.685901893851637,29.0,10900.26121944888
153,17126.97799322602,8.336050692861328,62.0,7126.977993226021
154,19199.865142906296,5.4603928220881,58.0,9199.865142906296
155,15268.559539285692,13.110957666519903,130.0,5268.559539285692
156,16979.53874311768,9.859538792108955,63.0,6979.538743117679
157,19275.959650485296,8.012661129004368,40.0,9275.959650485296
158,22838.21342246017,6.636688350420153,19.0,12838.213422460169
159,15792.992786387473,12.402844287004948,51.0,5792.992786387473
160,19084.823554654242,17.061049949439468,44.0,9084.823554654242
161,16816.36170709025,10.550229109623583,39.0,6816.361707090251
162,19547.763588543065,8.407611881642094,36.0,9547.763588543065
163,17435.44338520436,9.776060144209543,85.0,7435.4433852043585
164,21087.66399982474,21.349282801660312,66.0,11087.663999824741
165,19563.32879741106,10.873128667487768,43.0,9563.32879741106
166,15692.748993452384,11.157731120912793,62.0,5692.748993452384
167,14130.294059333308,6.739920422154522,33.0,4130.294059333308
168,19603.44777676805,8.269447104757747,34.0,9603.447776768051
169,18238.541391102815,6.953066383311206,38.0,8238.541391102815
170,18891.388721399646,9.86001110551995,47.0,8891.388721399646
171,16447.027058810712,20.3247514158621,114.0,6447.027058810712
172,14174.73027056294,12.12912568428973,82.0,4174.730270562941
173,20157.56447383233,10.418408615384285,41.0,10157.564473832332
174,19542.870786164545,8.572100368587373,43.0,9542.870786164545
175,13484.731559767642,19.32089115738508,166.0,3484.7315597676425
176,20663.115597560685,6.01936014415991,31.0,10663.115597560685
177,17449.888214202394,8.335208150788748,41.0,7449.888214202394
178,20137.477038184872,5.361351730932491,36.0,10137.477038184872
179,18333.022265617965,17.765223962333547,63.0,8333.022265617965
180,20949.667475451366,4.659495808865741,24.0,10949.667475451366
181,17723.53549969743,6.1395230498931825,34.0,7723.535499697431
182,15711.819557329472,7.370365740740114,35.0,5711.819557329472
183,19191.158623396666,7.425997109951841,32.0,9191.158623396666
184,14130.962115984177,21.64049485250368,88.0,4130.962115984177
185,11309.71354611442,23.78040658787497,260.0,1309.7135461144208
186,18775.80493522306,8.295077450472913,42.0,8775.80493522306
187,16632.62475905497,9.05036071195965,59.0,6632.624759054968
188,22778.370059078145,8.475169957302931,43.0,12778.370059078145
189,16549.184043440135,25.801453431485694,156.0,6549.184043440135
190,20771.392467931255,5.894142226956918,32.0,10771.392467931255
191,19065.819987020775,7.104129444049681,65.0,9065.819987020775
192,23742.162512019255,5.8227203106625565,35.0,13742.162512019255
193,17703.061745714094,8.263922094391646,61.0,7703.061745714094
194,22051.627016599945,7.981871626616038,41.0,12051.627016599945
195,17819.072288574072,10.208129252450224,83.0,7819.072288574072
196,17583.833793160466,10.035459356427381,60.0,7583.833793160466
197,23283.28133726873,5.210816902805618,22.0,13283.28133726873
198,20280.412378430585,8.314407351719748,38.0,10280.412378430585
199,17640.568216975258,10.211706016312226,58.0,7640.568216975258
200,20041.230139164414,6.744705967552924,45.0,10041.230139164414
201,19166.812288873953,12.579683282873894,57.0,9166.812288873953
202,17526.027394932546,11.687995828291402,52.0,7526.027394932546
203,24255.050685910894,4.442601702119163,30.0,14255.050685910894
204,22845.507583390052,5.178291353509734,25.0,12845.507583390052
205,15469.108147145631,9.792696566412804,68.0,5469.108147145631
206,17889.699462958724,7.488442025950767,42.0,7889.699462958724
207,18870.76971648922,16.318912203108148,93.0,8870.76971648922
208,20117.25305642783,9.335979755556444,71.0,10117.253056427831
209,19135.57675726276,10.45698761654751,53.0,9135.57675726276
210,16414.37728743634,13.817421031373886,62.0,6414.3772874363385
211,18916.925827403975,10.917753425802534,49.0,8916.925827403975
212,20983.606937347984,7.472035759078696,54.0,10983.606937347984
213,18319.83208693942,14.324252840121062,97.0,8319.83208693942
214,19313.22348921129,7.546368431124235,77.0,9313.22348921129
215,20842.718371156057,6.283560775813515,32.0,10842.718371156057
216,18718.351082764922,7.422613672405837,62.0,8718.351082764922
217,18257.893983232985,7.118151686405024,34.0,8257.893983232985
218,12612.552702160418,9.621499414371906,85.0,2612.5527021604175
219,17763.060883353362,11.425540804874732,42.0,7763.060883353362
220,20742.364947388596,8.010751369327322,40.0,10742.364947388596
221,17673.418971144616,14.25341242406845,71.0,7673.418971144616
222,12915.98117732786,15.672558386023406,102.0,2915.9811773278598
223,19638.716857749696,5.203945999057007,61.0,9638.716857749696
224,18112.975249271076,10.596830382324798,70.0,8112.975249271076
225,18620.057832552033,8.948587468516001,28.0,8620.057832552033
226,15932.007978665002,6.662401152429539,31.0,5932.007978665002
227,18311.63331269892,8.108356259839287,56.0,8311.63331269892
228,15937.420971637632,9.620785989787281,91.0,5937.420971637632
229,20718.59298011737,12.703403181184894,55.0,10718.59298011737
230,16040.310331582854,12.828006004363019,67.0,6040.310331582854
231,19283.23374217807,6.011969091235155,50.0,9283.233742178068
232,16725.403465358228,9.730684289646263,44.0,6725.403465358228
233,16979.379371985626,3.609572865712714,35.0,6979.379371985626
234,21936.00709849481,6.638808280794165,43.0,11936.00709849481
235,16999.048732024712,12.911475571713446,97.0,6999.048732024712
236,12634.78979298903,18.411603591951508,112.0,2634.7897929890296
237,15635.098013035726,9.954104366984089,47.0,5635.098013035726
238,17475.712142859433,9.979974998677866,56.0,7475.712142859433
239,17034.174749116413,24.471432715139542,103.0,7034.174749116413
240,20721.296958068513,7.852008890223735,43.0,10721.296958068513
241,21411.544910425248,6.729096329992059,75.0,11411.544910425248
242,18751.631245641212,7.529699355338448,35.0,8751.631245641212
243,18421.341761580265,13.271631061974132,66.0,8421.341761580265
244,19184.27431920517,8.13976238894102,47.0,9184.274319205171
245,15438.179695775096,14.530053206264814,111.0,5438.179695775096
246,22443.41507262239,9.783177565868536,56.0,12443.415072622389
247,20985.69954630347,5.7601249439552,48.0,10985.69954630347
248,16386.157084659986,9.429032281192137,66.0,6386.157084659986
249,18599.187312458213,11.300725371888182,56.0,8599.187312458213
250,18348.400064826725,7.506659670835846,49.0,8348.400064826725
251,16392.561821027786,10.696989133594245,62.0,6392.561821027786
252,17913.84547466118,7.783953693434905,94.0,7913.845474661179
253,25240.641895847923,7.328724734482171,33.0,15240.641895847923
254,21346.53139628659,5.578293940788842,32.0,11346.531396286591
255,21093.69264356522,10.014786641867634,45.0,11093.69264356522
256,20514.966827544973,7.620575615382871,85.0,10514.966827544973
257,18704.919013065104,11.487948440325912,50.0,8704.919013065104
258,16248.238367403303,7.103686721187967,37.0,6248.238367403303
259,17872.81596035501,8.91497935014636,34.0,7872.815960355008
260,15176.305571330595,9.066188588941946,157.0,5176.305571330595
261,20508.6232104521,12.73358621726684,60.0,10508.6232104521
262,12532.132119301557,18.895740940618058,235.0,2532.1321193015574
263,14940.11087180952,16.45378015789175,89.0,4940.11087180952
264,18312.448362483818,12.451927854692375,64.0,8312.448362483818
265,21656.145581136272,9.679189353032768,30.0,11656.145581136272
266,21057.46177783163,13.697934079961943,52.0,11057.461777831631
267,20986.075173594734,7.705731261586969,33.0,10986.075173594734
268,17402.22172842954,7.411138360240639,176.0,7402.22172842954
269,14928.366980616935,16.959499017804692,112.0,4928.366980616935
270,20119.64939794053,16.72941965283895,81.0,10119.649397940531
271,18950.64480737747,10.932164501619358,46.0,8950.64480737747
272,20604.945758643495,6.950919728268004,53.0,10604.945758643495
273,21357.730653739956,5.054953085674951,21.0,11357.730653739956
274,20234.631664372962,10.366397506120558,43.0,10234.631664372962
275,17579.908723284112,9.149638151381904,53.0,7579.908723284112
276,17720.868183532875,7.64560084199801,44.0,7720.868183532875
277,15424.759701618043,14.962301534801647,57.0,5424.7597016180425
278,20501.58625009856,7.579586503176797,51.0,10501.58625009856
279,17722.88678780241,9.93645848170834,47.0,7722.88678780241
280,16388.302902508294,8.205736717868358,58.0,6388.302902508294
281,14765.550935515988,8.000524012913047,36.0,4765.550935515988
282,24167.21248029419,5.139284364327719,45.0,14167.21248029419
283,15829.640374910603,10.229263968226592,54.0,5829.640374910603
284,19901.121921172555,7.695326751248559,46.0,9901.121921172555
285,19081.60194935381,9.759287035872298,68.0,9081.601949353812
286,17935.693379609507,13.300317196936415,86.0,7935.693379609507
287,14759.01658062922,12.287015890842932,94.0,4759.016580629221
288,21829.129408459357,6.440957543230684,21.0,11829.129408459357
289,15389.298056837157,11.0177032950044,42.0,5389.298056837157
290,18231.07053181136,7.425346768960828,35.0,8231.070531811361
291,18813.99463888423,11.985277569678837,51.0,8813.994638884229
292,20528.69991958474,9.562506940895853,36.0,10528.699919584738
293,22555.212599114675,4.952159375656142,28.0,12555.212599114675
294,20448.465892534532,10.26134784011673,47.0,10448.465892534532
295,20945.914007485735,9.741576047261061,30.0,10945.914007485735
296,18409.416536638513,9.881020879671818,64.0,8409.416536638513
297,19325.140105525963,8.694923787917123,62.0,9325.140105525963
298,14957.003983371404,14.501975188288263,124.0,4957.003983371404
299,23572.289102028786,4.7167184775120585,27.0,13572.289102028786
300,17449.772353468546,7.02483274295623,48.0,7449.7723534685465
301,19870.967513075313,7.1467067520631575,35.0,9870.967513075313
302,17008.822463600285,24.268412176322627,117.0,7008.822463600285
303,14845.117465365918,24.33643291930699,142.0,4845.117465365918
304,13425.923394392707,13.783517401686682,76.0,3425.9233943927065
305,21133.417590411933,6.067175716275969,35.0,11133.417590411933
306,16142.283578686594,15.728236966683987,55.0,6142.283578686594
307,17459.40268908818,10.877890508422183,55.0,7459.40268908818
308,15684.218464263773,10.651848802741892,85.0,5684.218464263773
309,15200.226459158352,15.396837974724823,95.0,5200.226459158352
310,20283.0924395824,4.825714154831902,37.0,10283.0924395824
311,21070.285452745913,6.325778416787216,36.0,11070.285452745913
312,18327.883227975086,18.690180783281377,138.0,8327.883227975086
313,16461.451084862965,26.382979549062224,188.0,6461.451084862965
314,18127.178966914922,13.215048865693864,53.0,8127.178966914922
315,24788.837443051023,7.758376986017916,36.0,14788.837443051023
316,15204.006406588967,11.651866139302852,90.0,5204.006406588967
317,18704.19166637864,13.112259480808685,40.0,8704.19166637864
318,20725.12932297204,6.42417905103195,32.0,10725.12932297204
319,15879.747599861774,19.803470167133735,93.0,5879.747599861774
320,18388.973413233143,5.642420524312368,37.0,8388.973413233143
321,18621.57535196464,7.776319290588541,55.0,8621.575351964639
322,15947.683477747836,10.675159571918599,45.0,5947.683477747836
323,19791.31529575702,7.81811156342137,52.0,9791.31529575702
324,17735.5313928997,10.480593291426576,52.0,7735.531392899698
325,17302.23878202537,8.454342079673701,34.0,7302.238782025372
326,19611.139263971978,6.116927566105983,38.0,9611.139263971978
327,16065.675391362842,7.027869792556871,45.0,6065.675391362842
328,16170.869619166378,8.752605726584802,36.0,6170.8696191663785
329,15411.211381131401,10.833056292983786,75.0,5411.211381131401
330,20487.21661313218,4.764546168757282,36.0,10487.21661313218
331,16227.878841808546,9.392198053446613,54.0,6227.878841808546
332,19073.898699412268,6.880664858058015,38.0,9073.898699412268
333,17225.125234067615,16.637403254636435,150.0,7225.125234067615
334,23239.680258157496,7.113828020300807,44.0,13239.680258157496
335,22508.98537361853,11.107701701741831,28.0,12508.985373618529
336,20497.234864093414,7.589618294341287,30.0,10497.234864093414
337,18322.309185654573,8.717515756905183,59.0,8322.309185654573
338,19907.312634358528,5.071572944770311,41.0,9907.312634358528
339,22048.78926193002,7.81350623965549,41.0,12048.789261930018
340,19901.54884253331,9.619668736406677,48.0,9901.54884253331
341,14492.78043330542,15.074092875732688,85.0,4492.780433305419
342,22675.080048423246,7.771575551724418,36.0,12675.080048423246
343,19596.433118679346,12.109962591257613,77.0,9596.433118679346
344,17970.593134761235,14.404375175520496,63.0,7970.593134761235
345,20062.214032200143,8.587648668908567,34.0,10062.214032200143
346,16271.490958331226,10.127449653066597,72.0,6271.490958331226
347,14721.61610058293,14.871877486211382,92.0,4721.616100582931
348,23676.116770180524,7.828552705324719,41.0,13676.116770180524
349,19389.364691927207,8.824845248850016,55.0,9389.364691927207
350,12808.42725718135,13.194656280410596,91.0,2808.427257181351
351,14741.009611087367,10.975490717029574,81.0,4741.009611087367
352,17003.315113150722,10.488825631960417,74.0,7003.315113150722
353,15012.135050209421,21.84043686335831,86.0,5012.135050209421
354,22822.378810962844,6.057860462197948,22.0,12822.378810962844
355,18399.159925720916,11.628386799632258,96.0,8399.159925720916
356,13979.561664591254,17.36734123539335,74.0,3979.561664591254
357,18333.463051640865,6.940272523427231,52.0,8333.463051640865
358,15041.382375653293,9.841339172580732,84.0,5041.382375653293
359,19079.161977002514,7.192130231989584,35.0,9079.161977002514
360,14920.453714442407,8.97278863609043,59.0,4920.453714442407
361,21588.81455871927,9.669228274953767,69.0,11588.81455871927
362,21884.96728443038,6.940626831667022,28.0,11884.967284430379
363,10034.810450054241,36.19915659321345,219.0,34.8104500542413
364,18695.18472246373,7.814603644788569,72.0,8695.184722463731
365,15170.118350689021,7.9674497702802425,72.0,5170.118350689021
366,18894.4908788214,12.130846783249824,44.0,8894.490878821402
367,13725.206525231612,24.69906515008348,170.0,3725.2065252316115
368,12958.29115938874,13.395358436025553,82.0,2958.29115938874
369,16362.168879063198,16.875063507326896,126.0,6362.168879063198
370,17380.76218490386,8.281515547138541,89.0,7380.762184903859
371,16184.537671473157,9.318202745541994,77.0,6184.537671473157
372,21966.25326951607,7.175703532635441,30.0,11966.25326951607
373,19166.523026515664,9.352663319605218,44.0,9166.523026515664
374,20250.04462221166,11.049232655139333,64.0,10250.044622211659
375,16157.768435612712,11.469133706819441,54.0,6157.768435612712
376,21382.42225953558,7.191114874352154,32.0,11382.422259535579
377,21617.15273471737,7.998226497842182,53.0,11617.152734717369
378,17354.522260068286,11.168345745444554,36.0,7354.522260068286
379,15605.134191212477,17.01817266855387,146.0,5605.134191212477
380,15789.365872012277,20.283062229353703,130.0,5789.365872012277
381,19274.17407118215,15.37628602469293,47.0,9274.174071182151
382,12599.388600744913,16.708090470051427,57.0,2599.3886007449128
383,17821.962556951683,8.856519782371382,72.0,7821.962556951683
384,14416.568741287823,14.557290351460193,62.0,4416.568741287823
385,15944.043192716392,15.16153670089572,94.0,5944.043192716392
386,17899.895236003063,7.275530592859014,47.0,7899.8952360030635
387,20689.30972684543,4.801493397873172,20.0,10689.30972684543
388,17131.734633768538,11.45235170264563,72.0,7131.734633768538
389,17517.348161049158,6.314343755609741,61.0,7517.348161049158
390,18201.349892682352,10.245911565406118,36.0,8201.349892682352
391,18843.825762600667,6.094139230960504,26.0,8843.825762600667
392,16157.753582327921,15.5941646521601,69.0,6157.753582327921
393,19313.024969475555,8.341117668419407,40.0,9313.024969475555
394,17451.741882334944,16.409928759208327,114.0,7451.7418823349435
395,14466.936513280758,16.55038833925828,127.0,4466.936513280758
396,21765.053235049912,11.388000829219532,58.0,11765.053235049912
397,14461.629459310068,21.96365019517137,182.0,4461.629459310068
398,18510.259181675072,6.831992710016968,41.0,8510.259181675072
399,18173.11552676261,9.709360305610739,78.0,8173.115526762609
400,11909.761149368107,15.681123488248716,132.0,1909.761149368107
401,21023.45411167323,7.749198845370146,46.0,11023.454111673229
402,22710.55270559062,6.5756417307983455,28.0,12710.55270559062
403,19995.634710175713,6.947653113323132,43.0,9995.634710175713
404,16593.98269455142,6.448864154425548,32.0,6593.982694551421
405,21482.65321455922,8.329316994406899,44.0,11482.653214559221
406,16998.199452304703,13.142489296713375,68.0,6998.199452304703
407,23619.952770032156,5.501753456320028,33.0,13619.952770032156
408,17944.218977312805,8.809094736457407,57.0,7944.218977312805
409,20611.255132022896,9.258885296265044,88.0,10611.255132022896
410,17096.058805653367,13.394531023202488,100.0,7096.058805653367
411,18641.629844446397,11.326740219468,55.0,8641.629844446397
412,17537.445690088287,11.994591355763431,68.0,7537.445690088287
413,19963.716367248977,8.495830135078833,50.0,9963.716367248977
414,18920.11670205508,10.642035486671535,72.0,8920.116702055078
415,16071.908370867352,9.361781764641831,54.0,6071.908370867352
416,15578.293284053912,9.545057591431227,89.0,5578.293284053912
417,15211.30505709163,19.847466475006286,70.0,5211.305057091629
418,16585.62806632808,7.360133715316278,91.0,6585.628066328081
419,16147.442383715555,10.500934826106846,73.0,6147.4423837155555
420,19437.375137675957,7.913794565742868,27.0,9437.375137675957
421,17041.474793016674,5.900102884067107,33.0,7041.474793016674
422,13964.489544526252,24.410896451987593,161.0,3964.489544526252
423,19223.515178088648,11.397906193890044,73.0,9223.515178088648
424,16754.999853716603,8.146793648451752,58.0,6754.999853716603
425,20261.30883115059,4.5079893449691175,29.0,10261.308831150589
426,16280.292717127168,11.697886728010035,74.0,6280.292717127168
427,18228.737753521647,5.7830340259218715,51.0,8228.737753521647
428,18803.089152018896,11.080448457145469,55.0,8803.089152018896
429,15071.930400083438,10.947967416786126,80.0,5071.930400083438
430,17973.259373779594,8.522684809661653,98.0,7973.259373779594
431,19396.78275398937,7.048438936777411,30.0,9396.78275398937
432,17216.90597114179,12.130914570795111,86.0,7216.90597114179
433,19425.83939036534,12.551202443298838,49.0,9425.839390365341
434,18355.408273671503,6.771065111515403,44.0,8355.408273671503
435,19315.345484264235,7.536314958479602,44.0,9315.345484264235
436,20836.13861088059,7.469611936970384,27.0,10836.13861088059
437,18677.660737855687,12.829394743308912,50.0,8677.660737855687
438,20516.629427870816,8.597266482060874,24.0,10516.629427870816
439,20045.17694294194,12.6057142705359,37.0,10045.17694294194
440,13190.97607313545,10.838726236774015,67.0,3190.976073135451
441,19112.415508471648,5.550956227052854,32.0,9112.415508471648
442,22199.505798972175,5.498716618376438,35.0,12199.505798972175
443,20004.45394389133,17.10005003669033,73.0,10004.45394389133
444,19568.324365541193,10.544094534320427,79.0,9568.324365541193
445,11928.23194961626,19.47895683345396,185.0,1928.23194961626
446,21681.09652110794,8.428099463603528,45.0,11681.096521107938
447,18494.501697263204,10.660826352681706,30.0,8494.501697263204
448,18784.011838068618,10.503461804794254,101.0,8784.011838068618
449,17382.291243254105,7.9429237611162495,55.0,7382.291243254105
450,17900.37430016909,9.962019655229984,90.0,7900.374300169089
451,19251.420179696965,4.858526069517151,41.0,9251.420179696965
452,17197.881252696207,11.952300312453032,127.0,7197.8812526962065
453,21370.41631766715,9.310874443428704,28.0,11370.41631766715
454,18861.145953307438,10.74289552842706,49.0,8861.145953307438
455,15852.201880762172,7.576052954796794,51.0,5852.201880762172
456,18795.413772196887,8.979556659065322,136.0,8795.413772196887
457,18747.236827993802,8.469766980912901,38.0,8747.236827993802
458,21370.756809071725,6.520654882990977,28.0,11370.756809071725
459,21212.511080559263,5.455978294147404,23.0,11212.511080559263
460,19649.752834042865,5.547352789662084,26.0,9649.752834042865
461,17993.348416592482,10.91711432757702,54.0,7993.348416592482
462,16589.858463216042,7.6467434148628195,56.0,6589.858463216042
463,19599.005764753303,8.99654153711885,64.0,9599.005764753303
464,22856.707346612115,12.636554273432065,46.0,12856.707346612115
465,18342.321616348207,8.495031313912518,51.0,8342.321616348207
466,13349.099226261664,14.39717217464715,79.0,3349.0992262616637
467,20473.436530024104,4.272139962990082,25.0,10473.436530024104
468,19838.925617860114,5.017983313703646,36.0,9838.925617860114
469,19085.864539292696,8.998327006503972,56.0,9085.864539292696
470,21750.899219070634,8.630986721075754,44.0,11750.899219070634
471,15510.632119485677,11.688315623284542,96.0,5510.632119485677
472,20655.042710901504,6.460039211544494,56.0,10655.042710901504
473,19859.872156101144,6.2190641759225045,46.0,9859.872156101144
474,16497.446922381638,8.857977134467179,50.0,6497.446922381638
475,16697.055044585733,9.857127889558344,41.0,6697.055044585733
476,17846.90752085686,9.884440101414038,66.0,7846.907520856861
477,21518.635219330998,7.668371238177091,38.0,11518.635219330998
478,16800.066820136104,8.2508042465185,42.0,6800.066820136104
479,20022.291130987167,13.31330824450872,117.0,10022.291130987167
480,17749.471502811604,13.734928896322726,108.0,7749.471502811604
481,12771.377958153087,18.61107382830605,151.0,2771.377958153087
482,16117.519992335136,9.212902971584835,65.0,6117.519992335136
483,18709.665567981727,19.986657956393753,151.0,8709.665567981727
484,16610.178175886344,12.412915860147644,43.0,6610.1781758863435
485,17410.80298372035,8.245619426602206,43.0,7410.80298372035
486,16190.200835044168,11.774405682584534,54.0,6190.200835044168
487,20853.81996893654,10.609566813694666,45.0,10853.81996893654
488,18919.117649502645,5.57623662369843,40.0,8919.117649502645
489,20731.199134330356,8.733460662651071,45.0,10731.199134330356
490,14569.867614556882,10.38487001750556,71.0,4569.8676145568825
491,11885.59638874501,20.220149980960294,166.0,1885.5963887450107
492,16458.183688618734,10.049680852986398,97.0,6458.183688618734
493,19614.232555210267,9.7540251310607,29.0,9614.232555210267
494,24277.439660809607,7.471182581961977,45.0,14277.439660809607
495,14872.461193032414,10.518313253758329,49.0,4872.461193032414
496,19345.20889785895,14.756133291280843,66.0,9345.208897858949
497,20971.900458066593,5.06792273787749,40.0,10971.900458066593
498,17960.025246356767,6.641007030492917,50.0,7960.025246356767
499,15860.045339013483,12.948781632766709,39.0,5860.045339013483
500,19233.52754927609,7.744191417339782,34.0,9233.527549276088
501,15627.957169965437,21.840909420139408,82.0,5627.957169965437
502,17713.30358266979,7.967693074034521,32.0,7713.303582669789
503,14918.264139773702,16.136801620497476,100.0,4918.2641397737025
504,18643.290819184695,8.542469312988585,40.0,8643.290819184695
505,25024.317148688715,6.191835950541471,20.0,15024.317148688715
506,14996.79044342645,12.098459962725908,63.0,4996.790443426449
507,11302.33875100748,20.510817679113195,151.0,1302.3387510074808
508,19629.158488313922,17.04166634884932,96.0,9629.158488313922
509,19762.565568024736,9.652886446739757,41.0,9762.565568024736
510,10790.255773641811,22.326955309571332,275.0,790.2557736418112
511,19417.430367494548,9.01932437888152,27.0,9417.430367494548
512,18975.793400252573,7.729148966811553,42.0,8975.793400252573
513,22313.194224797186,11.501462753528344,52.0,12313.194224797186
514,17733.09454105752,10.693002009997372,54.0,7733.094541057519
515,12566.48308502358,14.956890154878824,159.0,2566.4830850235794
516,22036.9784592485,7.850844605648668,26.0,12036.978459248501
517,19639.76733715315,6.660357285256499,28.0,9639.76733715315
518,20908.114240856732,12.792700795842403,47.0,10908.114240856732
519,15485.495559609762,6.787810225127741,42.0,5485.4955596097625
520,20907.249811894046,6.490203299947924,44.0,10907.249811894046
521,19229.519017619783,5.43675236600831,24.0,9229.519017619783
522,23712.000641729283,4.78120611386287,24.0,13712.000641729283
523,21832.635386028443,14.958633002846783,69.0,11832.635386028443
524,12328.606250431774,17.301412722377922,57.0,2328.6062504317742
525,18160.199398380188,9.014625778935267,23.0,8160.199398380188
526,19873.956472735103,9.345095817202921,41.0,9873.956472735103
527,19776.632580361562,5.950167301940695,27.0,9776.632580361562
528,20902.965610360516,10.246061915249966,34.0,10902.965610360516
529,16560.531314362237,15.23504233937648,69.0,6560.531314362237
530,17029.565823862533,8.865193897586042,57.0,7029.565823862533
531,17564.60936715619,9.58984955815827,56.0,7564.60936715619
532,17829.544780671506,15.567970718710528,68.0,7829.544780671506
533,18839.745415114907,10.209712398348763,119.0,8839.745415114907
534,15508.746688310479,9.427352819164065,83.0,5508.746688310479
535,17219.77856771429,8.699511494832906,52.0,7219.778567714289
536,12752.474896853117,10.714584205765602,65.0,2752.4748968531167
537,20392.38106456221,6.398685078708838,36.0,10392.38106456221
538,14185.373859021664,11.503013148189547,79.0,4185.3738590216635
539,20487.915044422225,5.700125723084104,31.0,10487.915044422225
540,16898.517542371952,9.596518481082501,62.0,6898.517542371952
541,17585.66254355086,12.289273848944694,105.0,7585.662543550861
542,18613.84973977318,7.214489862776602,39.0,8613.84973977318
543,19607.134737849916,5.739937111099254,26.0,9607.134737849916
544,21626.194721100674,6.548844771872946,22.0,11626.194721100674
545,21068.644927796315,9.012829985604336,40.0,11068.644927796315
546,22754.131709179703,5.9281621507516,28.0,12754.131709179703
547,18206.36605480731,10.634232124415457,59.0,8206.36605480731
548,14971.266789827176,9.886151837690191,53.0,4971.266789827176
549,17781.546876745262,11.123107258615269,66.0,7781.546876745262
550,14630.558904232746,13.55969060524513,85.0,4630.5589042327465
551,14091.640474637092,13.583127761444699,129.0,4091.6404746370918
552,19435.845420746722,7.756581437118785,34.0,9435.845420746722
553,19236.190414726756,17.001714014694134,61.0,9236.190414726756
554,20262.868856224646,8.80934633892442,31.0,10262.868856224646
555,18278.07309330764,9.301001916716064,51.0,8278.073093307641
556,25364.560002371654,6.476164311463149,29.0,15364.560002371654
557,20150.991556681533,7.555243718500053,34.0,10150.991556681533
558,20971.779589625523,6.217390870665699,50.0,10971.779589625523
559,21551.92233713718,4.29871621302301,29.0,11551.92233713718
560,19074.37942901854,9.060892276632746,48.0,9074.37942901854
561,17968.40777891185,14.507017923326066,86.0,7968.407778911849
562,15315.938319201874,9.328621713927532,104.0,5315.938319201874
563,17278.182425878822,9.804633679763313,85.0,7278.182425878822
564,22607.656399276493,14.07371469949269,72.0,12607.656399276493
565,14456.257067976425,14.721100791901387,113.0,4456.257067976425
566,16808.59728052783,12.329767223662357,76.0,6808.597280527829
567,21667.220706592292,6.587705459045099,30.0,11667.220706592292
568,23073.84844403388,6.112301761302443,25.0,13073.84844403388
569,18799.877424106417,9.224240044168907,44.0,8799.877424106417
570,20488.38618808245,13.319750405689676,57.0,10488.386188082452
571,18518.18502067403,9.570051107016827,58.0,8518.185020674031
572,16897.129491299187,8.64459637560347,58.0,6897.129491299187
573,25854.275100402014,5.9345764278500255,38.0,15854.275100402014
574,17261.974929813165,12.251121802976792,83.0,7261.974929813165
575,16370.386614199953,6.93412851765878,39.0,6370.386614199953
576,17391.20673218841,8.719508328886763,93.0,7391.20673218841
577,20192.658180054663,14.977351877640038,53.0,10192.658180054663
578,18241.080601732494,6.259822264778542,33.0,8241.080601732494
579,20329.473954660098,16.45146798704278,67.0,10329.473954660098
580,19789.770069997187,11.305387612708442,50.0,9789.770069997187
581,20250.859657506462,6.45741243840766,40.0,10250.859657506462
582,17618.185238425936,6.261750124734622,35.0,7618.185238425936
583,15480.342959040185,8.058955521934848,78.0,5480.342959040185
584,18019.103504717386,12.384302706313465,68.0,8019.103504717386
585,16264.602741175435,15.385369543149213,117.0,6264.602741175435
586,12808.351523416968,13.516324511230208,66.0,2808.351523416968
587,12555.95050371025,19.16142981869636,122.0,2555.95050371025
588,20452.039804835582,7.527446925016082,27.0,10452.039804835582
589,20257.199699391364,7.9951335087489435,57.0,10257.199699391364
590,18093.762262210148,8.555490352638666,59.0,8093.762262210148
591,14885.777315274347,12.582658125964505,79.0,4885.777315274347
592,14416.231757818237,15.296272804826918,81.0,4416.231757818237
593,19628.153342176316,8.8223994385117,34.0,9628.153342176316
594,20609.032023070075,9.88869177295898,75.0,10609.032023070075
595,15346.601774161358,10.525723871740356,49.0,5346.601774161358
596,16803.3556246909,18.098723125631857,112.0,6803.355624690899
597,20455.06168028889,10.509585828483974,64.0,10455.06168028889
598,22399.452994174517,11.794146163125399,92.0,12399.452994174517
599,15840.1461481794,26.79560414236975,129.0,5840.1461481793995
600,22932.371378159165,5.399898979454823,24.0,12932.371378159165
601,21482.15595849483,4.300395871661615,23.0,11482.15595849483
602,24434.564096501745,6.3269404033565655,34.0,14434.564096501745
603,20918.07024725926,6.890398451619618,44.0,10918.07024725926
604,16524.460774354608,9.283328832783809,98.0,6524.460774354608
605,17083.77448928555,9.852436210691042,44.0,7083.774489285552
606,18710.977655964,6.8400349599841705,27.0,8710.977655964001
607,16267.083022791303,9.879824681254867,59.0,6267.083022791303
608,18502.71016826044,7.248996821351305,43.0,8502.71016826044
609,18119.55276128972,13.910960198991967,63.0,8119.55276128972
610,13936.862723214163,13.272957758200246,92.0,3936.8627232141625
611,12965.399323764044,26.270061552159902,227.0,2965.3993237640443
612,17692.10636143506,11.483857303440814,64.0,7692.1063614350605
613,17532.07434527822,14.045673283794955,65.0,7532.074345278219
614,21107.551278840117,11.692638712418347,55.0,11107.551278840117
615,18178.66519316121,6.808063009686545,27.0,8178.6651931612105
616,17314.368683267094,6.218523649259657,49.0,7314.368683267094
617,15870.508442428578,9.389509240921992,53.0,5870.508442428578
618,19293.099716971912,3.626593409508858,25.0,9293.099716971912
619,19500.713343203868,8.162306993993298,45.0,9500.713343203868
620,18631.654044216404,8.428636384482855,87.0,8631.654044216404
621,14525.573628831375,11.727156155480213,83.0,4525.573628831375
622,16334.510636750456,8.88024214615405,61.0,6334.510636750456
623,14578.087429715935,19.508124425335545,146.0,4578.087429715935
624,19434.840510178932,12.773874200651086,112.0,9434.840510178932
625,20226.859598605453,16.681965147297166,100.0,10226.859598605453
626,21611.345275989024,7.146803237454777,30.0,11611.345275989024
627,15372.482504902422,9.420356097062598,38.0,5372.482504902422
628,18854.288991576577,7.817323792154378,43.0,8854.288991576577
629,14271.559788728098,16.85510823098445,99.0,4271.559788728098
630,22079.71098999324,5.588699943089681,19.0,12079.71098999324
631,13268.274396554762,14.064518305284802,101.0,3268.2743965547616
632,16966.45762305008,15.617459695045675,63.0,6966.457623050079
633,19484.156642037895,5.569538330645814,44.0,9484.156642037895
634,18459.106868535222,6.313067459071446,37.0,8459.106868535222
635,16533.9335141762,7.792761852702905,42.0,6533.9335141761985
636,16607.696447032642,10.992461638473038,58.0,6607.696447032642
637,16028.94960379126,24.019900886615307,73.0,6028.9496037912595
638,19220.909339168982,7.612474492779079,33.0,9220.909339168982
639,16537.441158800237,19.72279762788285,106.0,6537.441158800237
640,18179.050052094215,9.954361367735851,42.0,8179.050052094215
641,15266.024732822247,15.817596944445988,132.0,5266.024732822247
642,18393.372481133454,12.550961527625388,71.0,8393.372481133454
643,18654.7745437948,6.335024575493987,49.0,8654.7745437948
644,21665.0113096142,11.714265119160038,44.0,11665.011309614201
645,22582.912199184706,16.33036357319792,63.0,12582.912199184706
646,16229.775567434,12.43576162670478,65.0,6229.775567434001
647,17141.873573716974,19.21262772738727,81.0,7141.873573716974
648,19055.14576529654,7.599287566166625,37.0,9055.14576529654
649,19422.63427166142,8.565905347459548,54.0,9422.63427166142
650,19110.059651946274,13.73680896345017,51.0,9110.059651946274
651,14597.876282127285,10.604505626764345,108.0,4597.876282127285
652,20701.478659838736,12.568162322525572,65.0,10701.478659838736
653,16377.581613647973,8.043523607983355,52.0,6377.581613647973
654,11145.064987954012,21.488886961213122,137.0,1145.0649879540124
655,24043.847822091957,6.072801363585594,44.0,14043.847822091957
656,19019.645853787224,8.632739088679706,30.0,9019.645853787224
657,19828.99734333493,9.30465116420603,42.0,9828.99734333493
658,16384.19248985011,10.973906530488131,120.0,6384.192489850109
659,16444.195858351668,8.779227461645025,29.0,6444.195858351668
660,19533.56718959096,11.086735676307006,79.0,9533.567189590962
661,19097.41829282338,11.752167190110864,39.0,9097.418292823379
662,18478.72431731785,13.25838574213902,104.0,8478.72431731785
663,16868.390282847264,10.8349989393996,79.0,6868.390282847264
664,20155.81314244243,4.5182030209370385,57.0,10155.813142442428
665,19053.367799370186,8.866229996603394,52.0,9053.367799370186
666,17123.949719820634,8.527379267435805,66.0,7123.949719820634
667,21912.843972248076,8.306347734841486,42.0,11912.843972248076
668,17002.375437181872,8.07935665938603,52.0,7002.375437181872
669,20808.874848037587,8.644659727601773,19.0,10808.874848037587
670,17100.120971373788,8.77992406625438,111.0,7100.120971373788
671,18545.724768195243,8.359549700037352,85.0,8545.724768195243
672,19649.543512603046,7.992516708721946,49.0,9649.543512603046
673,14062.269554362005,15.605457428079111,93.0,4062.269554362005
674,18383.902331835037,6.644953909688191,45.0,8383.902331835037
675,19538.93820840661,6.679752205098646,27.0,9538.93820840661
676,18074.549936545107,13.474990202006213,51.0,8074.549936545107
677,22243.737301990237,5.41910137170867,36.0,12243.737301990237
678,18232.59032782771,9.3519194051095,35.0,8232.590327827711
679,16073.809913883524,8.406253444488502,46.0,6073.809913883524
680,15621.984268256983,10.94468530742101,56.0,5621.984268256983
681,17857.292840516573,10.671422994515023,55.0,7857.292840516573
682,19197.93071740659,8.981212007623295,37.0,9197.93071740659
683,20692.57020303118,9.373843953389288,50.0,10692.57020303118
684,15943.630171341489,19.25659824917752,146.0,5943.630171341489
685,17531.840314315283,13.45317230326007,51.0,7531.840314315283
686,15458.764211620728,27.5694169514756,108.0,5458.764211620728
687,18050.400354116326,10.139693663771432,54.0,8050.400354116326
688,20396.74589398984,9.054215518654859,81.0,10396.745893989839
689,20858.55286858309,4.634469984171046,25.0,10858.55286858309
690,20459.37015595186,13.390015359124648,43.0,10459.37015595186
691,21543.906473343643,4.521097846732057,54.0,11543.906473343643
692,19127.578861514532,6.81837964353459,32.0,9127.578861514532
693,16555.985078555277,7.920202860299865,65.0,6555.985078555277
694,15247.113803269845,11.297537281210172,41.0,5247.113803269845
695,14179.29299937827,10.883066791990242,73.0,4179.292999378271
696,12489.450943430491,20.121623968316506,134.0,2489.450943430491
697,23388.87639375503,7.8569520028725455,35.0,13388.876393755028
698,19140.61206393451,6.912136086694372,33.0,9140.61206393451
699,23211.038908060655,7.2986738183841275,34.0,13211.038908060655
700,18644.35607006085,10.67734591030809,115.0,8644.35607006085
701,16035.41286536012,10.594621178028731,66.0,6035.41286536012
702,19415.10606060606,9.45900441634534,57.0,9415.10606060606
703,18660.685607750856,9.522634189217522,41.0,8660.685607750856
704,17584.648484900863,17.77151564392016,57.0,7584.648484900863
705,19339.967109534926,14.505543923897326,26.0,9339.967109534926
706,21915.594020726232,7.490535626629194,41.0,11915.594020726232
707,12963.441559840448,12.56737654221666,105.0,2963.4415598404485
708,17765.738489003277,11.912573948809147,67.0,7765.738489003277
709,15241.80322401409,8.756759647323479,52.0,5241.803224014089
710,17737.392571834287,8.630029344719805,32.0,7737.392571834287
711,21417.85114581455,6.5468872669820115,36.0,11417.851145814551
712,20441.01680252332,7.552086637882489,61.0,10441.016802523322
713,21559.455004565927,6.5109355207811666,29.0,11559.455004565927
714,20458.282040004495,7.900177213638434,26.0,10458.282040004495
715,20676.647655257962,9.996207538477611,48.0,10676.647655257962
716,18919.024506300593,7.7916364992477005,47.0,8919.024506300593
717,11863.406756852444,14.169569148339239,100.0,1863.4067568524442
718,19771.52633419449,15.553638961423907,59.0,9771.526334194488
719,16483.7163481468,8.390078540763756,55.0,6483.7163481468015
720,20355.106880993895,7.98350412163213,45.0,10355.106880993895
721,14702.150678459408,19.274498258012258,130.0,4702.150678459408
722,13059.634009716881,13.656885673300081,138.0,3059.6340097168813
723,18427.429466206682,8.597193153501584,56.0,8427.429466206682
724,19029.87636851793,8.77572925051481,19.0,9029.87636851793
725,15003.647859213592,17.349994638031387,69.0,5003.647859213592
726,19659.168902884732,9.152848482667475,33.0,9659.168902884732
727,16975.586834793732,13.932982286004744,67.0,6975.586834793732
728,17863.68824549853,9.398914914990202,63.0,7863.688245498532
729,16220.831127481577,10.9853482624085,61.0,6220.831127481577
730,23791.44193383951,6.05909981501116,18.0,13791.44193383951
731,19474.79744916084,8.812497850201243,40.0,9474.79744916084
732,16107.861778142145,9.28164250979522,93.0,6107.861778142145
733,19156.450225318484,7.141744151870384,42.0,9156.450225318484
734,20427.725033511553,3.3946888682569427,26.0,10427.725033511553
735,14014.784412304401,19.169830511624305,121.0,4014.7844123044015
736,18202.48665132247,6.447854986074495,68.0,8202.48665132247
737,17873.95048941901,7.353188319818349,38.0,7873.95048941901
738,20894.158190307877,6.836889353044791,36.0,10894.158190307877
739,12657.69408919612,15.24496828743904,144.0,2657.6940891961203
740,23369.1754497745,5.49250310157219,32.0,13369.175449774499
741,17865.45229965231,10.602539332516272,83.0,7865.452299652308
742,21123.22816933993,6.074650064424008,35.0,11123.22816933993
743,16973.399882716243,5.6298908122213875,58.0,6973.399882716243
744,19048.963353971114,9.029665002355053,50.0,9048.963353971114
745,15002.306400220195,23.30127290057186,84.0,5002.306400220195
746,19550.23789689072,7.916205587545794,35.0,9550.237896890721
747,17130.952460327804,15.514844197813234,73.0,7130.952460327804
748,17958.36068532321,8.891840496792733,61.0,7958.360685323209
749,21111.66951674837,9.946573879402393,57.0,11111.66951674837
750,17787.661831424582,5.274591365233445,59.0,7787.6618314245825
751,13942.420780515746,10.673639965685144,86.0,3942.4207805157457
752,22055.46148549887,5.519966719908155,40.0,12055.461485498869
753,15405.682401872062,8.15883160227592,46.0,5405.682401872062
754,19593.22471237301,8.857156757909015,42.0,9593.224712373009
755,16808.28140999212,14.95023571276756,40.0,6808.28140999212
756,17236.212914596923,16.430032205833456,71.0,7236.212914596923
757,14283.34483532452,17.292862087384663,97.0,4283.34483532452
758,17936.931943253916,13.25450214193285,48.0,7936.931943253916
759,17875.03686327923,8.753716789757862,33.0,7875.036863279231
760,22707.091807252873,7.786663305299002,74.0,12707.091807252873
761,18213.36012547795,6.420740376966974,35.0,8213.36012547795
762,14867.419272663556,11.347551128752805,94.0,4867.419272663556
763,22564.39161744169,12.529409365627252,31.0,12564.391617441692
764,14240.935509300922,11.925504380093207,64.0,4240.935509300922
765,20538.276602843398,7.538396186279958,45.0,10538.276602843398
766,19979.674419475545,7.208349221297983,59.0,9979.674419475545
767,17521.007730746143,10.667605117294828,114.0,7521.007730746143
768,21477.917283186383,7.939134174175272,52.0,11477.917283186383
769,14960.211689948472,9.129780774929838,75.0,4960.211689948472
770,16052.112008257602,10.782290859550901,72.0,6052.112008257602
771,17911.471535811557,7.97282684968095,44.0,7911.471535811557
772,20556.614594709496,13.858260256442811,86.0,10556.614594709496
773,17990.373047988236,11.169822235000822,63.0,7990.373047988236
774,19668.36636880903,7.1236330607491265,47.0,9668.366368809031
775,14842.281351486323,16.775637476369553,65.0,4842.281351486323
776,23196.9996363997,7.131149299582811,49.0,13196.999636399702
777,21405.11592433625,7.063387697017914,41.0,11405.115924336249
778,18439.731939754944,6.03164955167172,41.0,8439.731939754944
779,23000.836302615982,8.153453569465068,35.0,13000.836302615982
780,22026.422608213914,11.850338400019023,47.0,12026.422608213914
781,21433.948912731204,4.398812401017875,33.0,11433.948912731204
782,18387.66353660244,11.302503991865398,31.0,8387.663536602438
783,12966.806328541526,10.902578288518653,68.0,2966.8063285415265
784,18776.560025819243,6.5055095534783645,35.0,8776.560025819243
785,20865.625091145746,12.026112582992814,63.0,10865.625091145746
786,20851.528607629574,5.55089291902947,40.0,10851.528607629574
787,15300.746788465705,12.478328472562023,82.0,5300.746788465705
788,16922.95176349395,16.575131767463365,93.0,6922.951763493951
789,16957.33796927677,12.454570091969824,86.0,6957.33796927677
790,22054.391442094347,4.5208867362024225,41.0,12054.391442094347
791,16564.30509539018,8.678015934857346,80.0,6564.30509539018
792,21268.308866991676,6.814699791502873,44.0,11268.308866991676
793,19879.18645039222,8.765374472061664,69.0,9879.186450392219
794,14900.96583884377,7.519937601620405,47.0,4900.965838843769
795,17909.429160587417,7.768510520568116,38.0,7909.429160587417
796,21357.078469985867,7.698648935208473,24.0,11357.078469985867
797,16254.414593978701,14.125128659278783,62.0,6254.414593978701
798,17459.7315294192,10.061436450274046,54.0,7459.731529419201
799,16063.477014652064,9.61596268925266,71.0,6063.477014652064
800,14371.086432811942,15.517050644876601,79.0,4371.086432811942
801,11127.139354590094,20.041269350553396,122.0,1127.1393545900937
802,20669.294865252974,6.469319286391209,46.0,10669.294865252974
803,18826.388929130684,9.191557873687023,61.0,8826.388929130684
804,20462.450394551073,6.886764843830334,41.0,10462.450394551073
805,15423.12774238664,11.600872221376518,117.0,5423.1277423866395
806,16711.963526322626,10.356635632295657,46.0,6711.963526322626
807,17405.87957870557,11.693527160331927,124.0,7405.8795787055715
808,20636.828343500216,10.770403959993324,36.0,10636.828343500216
809,18264.927510514037,4.63838272154802,39.0,8264.927510514037
810,11437.636073338499,15.690512168107412,68.0,1437.636073338499
811,12287.011101712962,18.42428585783304,134.0,2287.011101712962
812,24845.873881426865,5.923084755633236,18.0,14845.873881426865
813,18165.20843291162,7.462997937560602,68.0,8165.208432911619
814,16096.702723014318,15.747677154598572,103.0,6096.702723014318
815,21460.503870582976,6.196146367440485,38.0,11460.503870582976
816,21279.96144544478,6.6672631256714565,24.0,11279.96144544478
817,21217.98443164384,8.270914994706258,27.0,11217.98443164384
818,22377.06709640028,7.062631622520306,34.0,12377.067096400278
819,17731.365177987675,17.312735619150235,82.0,7731.3651779876745
820,20682.35476918538,9.007033134179846,94.0,10682.354769185378
821,18711.12383838294,7.731662986848472,27.0,8711.12383838294
822,20732.58704521476,10.276682438804578,49.0,10732.587045214761
823,17283.50106827839,7.703090228886776,61.0,7283.50106827839
824,20401.64023713765,4.812186675787932,28.0,10401.64023713765
825,18425.888448363843,7.201554390846529,28.0,8425.888448363843
826,11445.607540706611,23.46789993807981,127.0,1445.607540706611
827,18076.980736681882,8.362043418745214,26.0,8076.980736681882
828,14213.344890790635,14.530268612951636,55.0,4213.344890790635
829,19040.20504912151,12.887435424527094,47.0,9040.205049121509
830,22287.079278790443,7.632746349455212,49.0,12287.079278790443
831,20474.783078326273,6.919210891531508,36.0,10474.783078326273
832,13954.519953020292,12.346176477986262,67.0,3954.5199530202917
833,16424.698902946806,10.866147778684805,107.0,6424.698902946806
834,12574.698519968886,17.490358584101195,117.0,2574.698519968886
835,23193.31587178123,6.410215432014223,38.0,13193.31587178123
836,20400.46437834875,9.745708593698648,56.0,10400.464378348752
837,16442.565491854675,10.482230751671311,77.0,6442.565491854675
838,19434.844795511657,11.301706308549576,76.0,9434.844795511657
839,21043.275565692205,4.463559286537262,21.0,11043.275565692205
840,16565.364016573454,5.613009808626107,43.0,6565.364016573454
841,17424.24249958178,14.399231388292193,116.0,7424.242499581778
842,20908.97885289241,5.511551653366087,32.0,10908.978852892411
843,18497.551843326444,11.823315363983038,41.0,8497.551843326444
844,15619.665909878026,7.394167682486544,72.0,5619.665909878026
845,25370.29002801125,4.492058272418034,22.0,15370.290028011252
846,15901.44698730536,8.575795143896855,34.0,5901.44698730536
847,20269.637154678785,8.201069586684005,57.0,10269.637154678785
848,20613.14112017406,6.188711646363425,57.0,10613.14112017406
849,16370.023470715889,12.411071644226414,97.0,6370.023470715889
850,19572.727338595403,14.133054829671385,67.0,9572.727338595403
851,15260.133452138713,12.208650357153738,83.0,5260.1334521387125
852,21306.212725053854,6.979149680437163,43.0,11306.212725053854
853,18267.10856549012,10.887753442726948,55.0,8267.108565490122
854,21878.773136385782,6.844341739642886,67.0,11878.773136385782
855,17424.377274832827,12.54483101646695,58.0,7424.3772748328265
856,20568.44953763778,5.229367852467601,20.0,10568.449537637782
857,12977.201384371696,9.391100721949954,86.0,2977.201384371696
858,17786.896911900487,11.31963229281096,86.0,7786.896911900487
859,19427.58519305302,7.0790252156139655,47.0,9427.585193053019
860,16764.495293709522,6.791291222046582,52.0,6764.495293709522
861,19373.316241545326,12.994438344776482,81.0,9373.316241545326
862,17857.170595003925,8.192502900706666,56.0,7857.170595003925
863,21065.615419677844,8.678252250234669,35.0,11065.615419677844
864,23173.15956063968,5.153390223167261,17.0,13173.15956063968
865,22374.772692801118,5.6464250914562735,33.0,12374.772692801118
866,14498.25140686848,9.10047511538599,98.0,4498.2514068684795
867,18176.177612605,9.913315253475798,93.0,8176.177612604999
868,15991.054356789487,8.42945710534891,69.0,5991.054356789487
869,13755.610894936945,15.314001360583532,82.0,3755.6108949369445
870,12448.463144724676,23.291841514028285,166.0,2448.4631447246757
871,18346.98820582151,9.534793324385795,52.0,8346.988205821512
872,18576.00531504963,8.313238520861862,70.0,8576.005315049631
873,17414.368783138067,11.453880153944272,48.0,7414.368783138067
874,16655.470030008968,10.664132913230091,58.0,6655.470030008968
875,22477.229980755343,7.907771817594651,45.0,12477.229980755343
876,12801.747938521075,24.39619346469136,167.0,2801.7479385210754
877,13535.9394238871,14.4511586968037,88.0,3535.939423887099
878,19463.60322214778,12.544696605404052,47.0,9463.60322214778
879,16883.069374251252,9.076208136606056,49.0,6883.069374251252
880,12314.401466739882,16.57152891860023,104.0,2314.4014667398824
881,15361.859860133838,14.642782681674138,70.0,5361.859860133838
882,15636.278792469842,10.108583074526061,56.0,5636.278792469842
883,18104.203019262215,10.9006655450583,59.0,8104.203019262215
884,20162.086571825537,12.77374533691424,42.0,10162.086571825537
885,20493.034489909667,6.338960938559751,41.0,10493.034489909667
886,18085.48965579267,12.949237966713856,57.0,8085.4896557926695
887,19159.47049343872,9.833430629061949,51.0,9159.47049343872
888,14111.269921059284,14.049848761606892,90.0,4111.269921059284
889,19992.965601060154,12.514365373424289,45.0,9992.965601060154
890,18275.666937921353,11.172983469328969,94.0,8275.666937921353
891,16937.005969515387,18.33306776432649,145.0,6937.005969515387
892,17590.86255671677,10.678658348200477,33.0,7590.862556716769
893,21555.68089804645,7.4005344604407055,38.0,11555.680898046448
894,18352.66473136304,7.563923901676964,87.0,8352.664731363038
895,19319.55504967401,12.030549001679555,94.0,9319.55504967401
896,19718.43284802817,4.567759021484573,30.0,9718.43284802817
897,16813.154389319425,10.377566900521018,53.0,6813.154389319425
898,19701.97598122809,6.045482622205713,27.0,9701.97598122809
899,14104.67571989063,26.720079008105817,135.0,4104.675719890631
900,19778.110715814306,6.864143421398268,53.0,9778.110715814306
901,12940.103474528483,13.568520135668571,128.0,2940.1034745284833
902,15994.16951912487,15.01311648114532,101.0,5994.169519124869
903,19463.399569887,6.625324331609065,38.0,9463.399569886999
904,24538.96998712896,5.843286854987305,19.0,14538.96998712896
905,20554.646519798862,8.81457696540945,25.0,10554.646519798862
906,19366.324506588382,8.97314421232942,126.0,9366.324506588382
907,18729.71393613562,10.565905463243014,82.0,8729.71393613562
908,16601.42171984812,10.077437174062378,75.0,6601.42171984812
909,17491.144909302817,11.486854073695214,79.0,7491.144909302817
910,18945.91221259888,9.324169095435861,27.0,8945.91221259888
911,18511.838795974472,5.192329830682266,27.0,8511.838795974472
912,19058.800382676494,6.985035153042328,41.0,9058.800382676494
913,14887.134618755375,7.290426230399999,55.0,4887.134618755375
914,19645.952952276708,6.175637697665142,79.0,9645.952952276708
915,17398.987893984937,8.034026693898348,36.0,7398.987893984937
916,19787.531029882353,8.599406733618501,72.0,9787.531029882353
917,16322.630664695213,16.385901191070964,102.0,6322.6306646952125
918,17387.622037065586,9.989741256220167,84.0,7387.6220370655865
919,23398.274759230953,9.136312473800306,37.0,13398.274759230953
920,18148.198890385233,5.687964162016586,29.0,8148.1988903852325
921,16025.70412417542,10.356468591592282,72.0,6025.70412417542
922,19030.075547127908,5.158490166161926,47.0,9030.075547127908
923,13394.173771669002,17.97227977920549,175.0,3394.1737716690022
924,18292.165893001766,6.490286359136927,38.0,8292.165893001766
925,18285.387704191373,10.8604354195465,60.0,8285.387704191373
926,22063.46793760687,7.576687167060599,36.0,12063.46793760687
927,22446.87818713709,10.266602622584701,31.0,12446.878187137088
928,20391.1643831868,6.853942013616571,44.0,10391.164383186799
929,23623.682150808723,7.352032573214086,18.0,13623.682150808723
930,19777.468850424615,7.141931010635381,58.0,9777.468850424615
931,14756.368006448414,10.806349030213815,58.0,4756.368006448414
932,12170.818698538345,24.28348031007262,260.0,2170.8186985383454
933,16577.540656538386,7.886572799067347,46.0,6577.5406565383855
934,23213.99859776716,3.4795940159149366,27.0,13213.99859776716
935,20000.53034390667,5.60107895360166,34.0,10000.53034390667
936,17759.240666823724,8.035299956027668,30.0,7759.240666823724
937,19961.52864814862,6.269148834628922,40.0,9961.528648148618
938,19513.880277548873,6.471418057640828,51.0,9513.880277548873
939,21081.76809573428,7.355201038036266,37.0,11081.768095734282
940,17926.356187157522,7.577162218420021,43.0,7926.356187157522
941,16121.2952552202,9.15832053427699,54.0,6121.2952552202005
942,19636.359687939046,7.609430530727475,26.0,9636.359687939046
943,22282.931059064416,9.560541846867523,36.0,12282.931059064416
944,17191.085031615967,8.766453065793815,55.0,7191.085031615967
945,18443.972649348347,5.969519097335311,47.0,8443.972649348347
946,25059.82049546678,4.231113466171514,48.0,15059.820495466782
947,18239.6339628028,9.708570043953072,64.0,8239.6339628028
948,16463.438672794466,12.238311871373538,126.0,6463.438672794466
949,17818.268038676364,8.381566618105172,65.0,7818.268038676364
950,18957.711697215796,8.576647351864866,36.0,8957.711697215796
951,21314.35034016233,5.145991653053586,33.0,11314.350340162331
952,17294.897941819097,8.555653920512492,83.0,7294.8979418190975
953,20283.4764232823,8.086707381037506,40.0,10283.4764232823
954,16009.949096363674,13.702589552798619,61.0,6009.9490963636745
955,11945.525486855917,22.29683126281193,127.0,1945.5254868559168
956,19166.117193830672,10.054969702122008,36.0,9166.117193830672
957,19529.767037383073,8.695340817994648,68.0,9529.767037383073
958,18640.15426544089,7.013450329119925,33.0,8640.154265440891
959,16144.988405162156,13.46696615270821,129.0,6144.988405162156
960,18837.11084045803,9.328248729452394,68.0,8837.11084045803
961,20109.794196054147,11.384759958468823,65.0,10109.794196054147
962,21120.641679430366,13.449050895214967,60.0,11120.641679430366
963,14990.194304240973,15.705648929380104,84.0,4990.194304240973
964,19301.02216802314,7.3606782936550115,35.0,9301.02216802314
965,22469.373504262916,4.1402594443743554,27.0,12469.373504262916
966,20713.24639517608,6.563250525325002,65.0,10713.24639517608
967,19240.562182276593,5.942625465896591,60.0,9240.562182276593
968,20679.48865973782,4.252109090106891,36.0,10679.48865973782
969,14565.274208394363,9.074751042266081,50.0,4565.274208394363
970,24209.67284132973,7.324201627886187,40.0,14209.672841329731
971,14618.42107945939,10.097559328397045,73.0,4618.421079459389
972,19445.196387629796,9.46502958070197,47.0,9445.196387629796
973,16769.056656205248,8.361978520326307,99.0,6769.056656205248
974,23315.441057380027,5.986839928816531,23.0,13315.441057380027
975,17394.69919293601,7.533093120828398,69.0,7394.699192936008
976,18542.74810442786,14.3583368455595,108.0,8542.748104427861
977,15069.798670820323,10.671741008615925,54.0,5069.7986708203225
978,11320.208794187807,14.91845151594956,132.0,1320.2087941878071
979,16517.695787363824,13.67475244055267,61.0,6517.695787363824
980,17196.173383329966,12.964578273009664,51.0,7196.173383329966
981,19736.16240413233,8.08710239441195,38.0,9736.16240413233
982,20066.214561856803,5.323585486171625,26.0,10066.214561856803
983,15372.396497655178,11.63792403648001,88.0,5372.396497655178
984,17763.20111248987,11.755081184791525,65.0,7763.201112489871
985,17830.207061659872,7.018830197779638,84.0,7830.207061659872
986,19096.670345729246,7.8052508965406355,37.0,9096.670345729246
987,18253.714462451484,7.538254904034819,29.0,8253.714462451484
988,15219.10020077353,10.186568521232719,48.0,5219.10020077353
989,16732.39765131144,9.552540599234053,41.0,6732.397651311439
990,17767.05245877232,10.860617047019204,50.0,7767.052458772319
991,18826.90530498702,6.288046944009238,42.0,8826.90530498702
992,15687.550676939612,11.621270039319612,46.0,5687.5506769396125
993,17702.03968730473,12.8268530051102,63.0,7702.039687304728
994,14884.015099205018,10.487864055026433,49.0,4884.0150992050185
995,17450.566000142906,10.056270605790466,69.0,7450.566000142906
996,14816.919591646847,11.423405764743206,55.0,4816.919591646847
997,19842.57679437148,15.891320721007194,75.0,9842.576794371482
998,14832.407024786604,11.316017278700185,67.0,4832.407024786604
999,16894.316827591014,8.613811321638295,56.0,6894.316827591014
1000,22504.19222438033,4.801271165116178,51.0,12504.192224380331
