Ticket;OpenTime;CloseTime;Type;Symbol;Volume;OpenPrice;ClosePrice;Commission;Swap;Profit;NetProfit;Balance;Duration_Minutes;MagicNumber;Comment
3;2010.01.19 12:05:00;2010.01.19 13:22:34;Sell;EURUSD;0.50;1.43090;1.42941;0.00;0.00;52.12;52.12;10052.12;77;161348;sl 1.42940
5;2010.01.20 18:05:00;2010.01.21 10:11:35;Sell;EURUSD;0.50;1.40865;1.40706;0.00;2.87;56.50;59.37;10111.49;966;161348;sl 1.40706
7;2010.01.29 18:10:00;2010.02.04 09:10:21;Sell;EURUSD;0.50;1.38678;1.38560;0.00;5.82;42.58;48.40;10159.89;8100;161348;sl 1.38560
9;2010.02.04 16:20:00;2010.02.04 17:29:52;Sell;EURUSD;0.50;1.37858;1.37708;0.00;0.00;54.46;54.46;10214.35;69;161348;sl 1.37708
11;2010.02.04 17:40:00;2010.02.04 17:45:39;Sell;EURUSD;0.50;1.37577;1.37401;0.00;0.00;64.05;64.05;10278.40;5;161348;sl 1.37400
13;2010.02.18 03:00:00;2010.02.18 08:50:25;Sell;EURUSD;0.50;1.35651;1.35506;0.00;0.00;53.50;53.50;10331.90;350;161348;sl 1.35505
15;2010.02.25 04:00:00;2010.02.25 05:35:51;Sell;EURUSD;0.50;1.34814;1.34619;0.00;0.00;72.43;72.43;10404.33;95;161348;sl 1.34619
19;2010.03.18 17:05:00;2010.03.19 11:11:00;Sell;EURUSD;0.50;1.35939;1.35705;0.00;0.99;86.22;87.21;10491.54;1086;161348;sl 1.35702
21;2010.03.19 12:15:00;2010.03.19 13:36:30;Sell;EURUSD;0.50;1.35637;1.35479;0.00;0.00;58.31;58.31;10549.85;81;161348;sl 1.35476
22;2010.03.17 08:05:00;2010.03.24 06:05:00;Buy;EURUSD;0.10;1.38084;1.34475;0.00;-4.37;-268.38;-272.75;10277.10;9960;161348;
23;2010.03.17 08:15:00;2010.03.24 06:15:00;Buy;EURUSD;0.10;1.38076;1.34159;0.00;-4.37;-291.97;-296.34;9980.76;9960;161348;
26;2010.03.30 17:00:00;2010.03.30 17:18:05;Sell;EURUSD;0.50;1.34219;1.34094;0.00;0.00;46.61;46.61;10027.37;18;161348;sl 1.34093
27;2010.03.30 17:05:00;2010.03.31 04:24:28;Sell;EURUSD;0.50;1.34146;1.34040;0.00;1.00;39.54;40.54;10067.91;679;161348;sl 1.34040
29;2010.04.06 02:05:00;2010.04.06 03:57:32;Sell;EURUSD;0.50;1.34619;1.34356;0.00;0.00;97.87;97.87;10165.78;112;161348;sl 1.34355
32;2010.04.08 03:25:00;2010.04.08 09:54:37;Sell;EURUSD;0.50;1.33159;1.32966;0.00;0.00;72.57;72.57;10238.35;389;161348;sl 1.32964
33;2010.04.08 03:35:00;2010.04.08 09:54:37;Sell;EURUSD;0.50;1.33145;1.32966;0.00;0.00;67.31;67.31;10305.66;379;161348;sl 1.32964
35;2010.04.19 03:00:00;2010.04.19 04:37:48;Sell;EURUSD;0.50;1.34676;1.34569;0.00;0.00;39.76;39.76;10345.42;97;161348;sl 1.34568
37;2010.04.19 05:40:00;2010.04.19 11:28:37;Sell;EURUSD;0.50;1.34560;1.34374;0.00;0.00;69.21;69.21;10414.63;348;161348;sl 1.34373
39;2010.04.22 13:20:00;2010.04.22 15:42:15;Sell;EURUSD;0.50;1.33314;1.33052;0.00;0.00;98.46;98.46;10513.09;142;161348;sl 1.33051
41;2010.05.04 11:15:00;2010.05.04 13:50:26;Sell;EURUSD;0.50;1.31270;1.30990;0.00;0.00;106.88;106.88;10619.97;155;161348;sl 1.30990
44;2010.05.04 16:45:00;2010.05.04 17:37:05;Sell;EURUSD;0.50;1.30423;1.30319;0.00;0.00;39.90;39.90;10659.87;52;161348;sl 1.30319
45;2010.05.04 17:05:00;2010.05.04 20:55:38;Sell;EURUSD;0.50;1.30249;1.30064;0.00;0.00;71.12;71.12;10730.99;230;161348;sl 1.30063
47;2010.05.06 15:00:00;2010.05.06 16:57:35;Sell;EURUSD;0.50;1.27096;1.26998;0.00;0.00;38.58;38.58;10769.57;117;161348;sl 1.26996
49;2010.05.13 22:35:00;2010.05.14 10:26:02;Sell;EURUSD;0.50;1.25230;1.25047;0.00;1.08;73.17;74.25;10843.82;711;161348;sl 1.25045
51;2010.05.25 04:10:00;2010.05.25 07:34:29;Sell;EURUSD;0.50;1.22959;1.22820;0.00;0.00;56.59;56.59;10900.41;204;161348;sl 1.22819
53;2010.05.25 10:10:00;2010.05.25 10:58:37;Sell;EURUSD;0.50;1.22215;1.22036;0.00;0.00;73.34;73.34;10973.75;48;161348;sl 1.22035
55;2010.06.03 16:30:00;2010.06.03 18:29:00;Sell;EURUSD;0.50;1.22002;1.21710;0.00;0.00;119.96;119.96;11093.71;119;161348;sl 1.21710
57;2010.06.04 17:50:00;2010.06.04 18:09:34;Sell;EURUSD;0.50;1.20037;1.19837;0.00;0.00;83.45;83.45;11177.16;19;161348;sl 1.19834
59;2010.06.17 12:55:00;2010.06.17 15:18:29;Buy;EURUSD;0.10;1.23817;1.23983;0.00;0.00;13.39;13.39;11190.55;143;161348;sl 1.23984
61;2010.06.29 11:25:00;2010.06.29 16:15:00;Sell;EURUSD;0.50;1.21874;1.21662;0.00;0.00;87.13;87.13;11277.68;290;161348;sl 1.21660
63;2010.07.13 16:15:00;2010.07.13 17:10:41;Buy;EURUSD;0.10;1.26669;1.26908;0.00;0.00;18.83;18.83;11296.51;55;161348;sl 1.26908
65;2010.07.15 11:15:00;2010.07.15 12:36:36;Buy;EURUSD;0.10;1.27961;1.28243;0.00;0.00;21.99;21.99;11318.50;81;161348;sl 1.28243
67;2010.07.20 08:15:00;2010.07.20 08:26:30;Buy;EURUSD;0.10;1.30033;1.30175;0.00;0.00;10.91;10.91;11329.41;11;161348;sl 1.30175
70;2010.07.23 10:45:00;2010.07.26 18:45:05;Buy;EURUSD;0.10;1.29629;1.29887;0.00;-0.66;19.86;19.20;11348.61;4800;161348;sl 1.29888
71;2010.07.26 18:10:00;2010.07.27 04:32:36;Buy;EURUSD;0.10;1.29962;1.30065;0.00;-0.65;7.92;7.27;11355.88;622;161348;sl 1.30067
73;2010.08.03 11:50:00;2010.08.06 14:58:25;Buy;EURUSD;0.10;1.32415;1.32713;0.00;-3.23;22.45;19.22;11375.10;4508;161348;sl 1.32714
75;2010.08.11 17:15:00;2010.08.11 23:20:16;Sell;EURUSD;0.50;1.28734;1.28414;0.00;0.00;124.60;124.60;11499.70;365;161348;sl 1.28413
77;2010.08.12 12:25:00;2010.08.13 13:38:37;Sell;EURUSD;0.50;1.28012;1.27887;0.00;1.05;48.87;49.92;11549.62;1513;161348;sl 1.27885
80;2010.08.20 12:05:00;2010.08.20 12:30:27;Sell;EURUSD;0.50;1.27062;1.26959;0.00;0.00;40.56;40.56;11590.18;25;161348;sl 1.26958
83;2010.08.20 12:25:00;2010.08.20 17:21:26;Sell;EURUSD;0.50;1.26899;1.26782;0.00;0.00;46.14;46.14;11636.32;296;161348;sl 1.26782
84;2010.08.20 14:45:00;2010.08.20 17:21:26;Sell;EURUSD;0.50;1.26915;1.26782;0.00;0.00;52.45;52.45;11688.77;156;161348;sl 1.26782
85;2010.08.20 15:45:00;2010.08.20 17:29:16;Sell;EURUSD;0.50;1.26848;1.26747;0.00;0.00;39.84;39.84;11728.61;104;161348;sl 1.26745
88;2010.08.30 16:15:00;2010.08.30 18:38:59;Sell;EURUSD;0.50;1.26913;1.26724;0.00;0.00;74.57;74.57;11803.18;143;161348;sl 1.26724
89;2010.08.30 18:35:00;2010.08.31 02:20:42;Sell;EURUSD;0.50;1.26658;1.26450;0.00;1.06;82.25;83.31;11886.49;465;161348;sl 1.26445
91;2010.09.03 15:35:00;2010.09.03 20:09:26;Buy;EURUSD;0.10;1.28696;1.28821;0.00;0.00;9.70;9.70;11896.19;274;161348;sl 1.28828
93;2010.09.16 12:05:00;2010.09.16 12:56:22;Buy;EURUSD;0.10;1.30825;1.30985;0.00;0.00;12.22;12.22;11908.41;51;161348;sl 1.30986
96;2010.09.17 07:25:00;2010.09.17 09:59:55;Buy;EURUSD;0.10;1.31373;1.31484;0.00;0.00;8.44;8.44;11916.85;154;161348;sl 1.31484
97;2010.09.17 07:45:00;2010.09.21 20:20:17;Buy;EURUSD;0.10;1.31430;1.31930;0.00;-1.30;37.90;36.60;11953.45;6515;161348;tp 1.31930
99;2010.09.28 22:40:00;2010.09.29 09:15:38;Buy;EURUSD;0.10;1.35947;1.36240;0.00;-0.63;21.51;20.88;11974.33;635;161348;sl 1.36241
101;2010.09.29 09:30:00;2010.09.30 11:32:41;Buy;EURUSD;0.10;1.36378;1.36561;0.00;-1.87;13.40;11.53;11985.86;1562;161348;sl 1.36561
103;2010.10.14 04:05:00;2010.10.14 09:55:36;Buy;EURUSD;0.10;1.40821;1.41054;0.00;0.00;16.52;16.52;12002.38;350;161348;sl 1.41054
105;2010.10.21 12:40:00;2010.10.25 07:49:37;Buy;EURUSD;0.10;1.40277;1.40445;0.00;-1.22;11.96;10.74;12013.12;5469;161348;sl 1.40445
107;2010.10.28 17:30:00;2010.11.01 01:00:01;Buy;EURUSD;0.10;1.39332;1.39666;0.00;-1.22;23.91;22.69;12035.81;4770;161348;sl 1.39676
109;2010.11.24 11:00:00;2010.11.25 11:08:30;Sell;EURUSD;0.50;1.33157;1.33026;0.00;3.03;49.24;52.27;12088.08;1448;161348;sl 1.33025
111;2010.11.26 07:20:00;2010.11.26 07:53:20;Sell;EURUSD;0.50;1.33029;1.32809;0.00;0.00;82.83;82.83;12170.91;33;161348;sl 1.32804
113;2010.12.10 16:20:00;2010.12.17 16:38:14;Sell;EURUSD;0.50;1.31904;1.31747;0.00;7.12;59.58;66.70;12237.61;10098;161348;sl 1.31745
115;2010.12.30 16:00:00;2010.12.31 07:29:37;Buy;EURUSD;0.10;1.33082;1.33585;0.00;-0.64;37.65;37.01;12274.62;929;161348;tp 1.33582
118;2011.01.06 13:40:00;2011.01.06 16:07:03;Sell;EURUSD;0.50;1.30998;1.30803;0.00;0.00;74.54;74.54;12349.16;147;161348;sl 1.30802
122;2011.01.06 23:25:00;2011.01.07 09:45:43;Sell;EURUSD;0.50;1.29880;1.29710;0.00;1.04;65.53;66.57;12415.73;620;161348;sl 1.29709
123;2011.01.07 00:25:00;2011.01.07 09:45:43;Sell;EURUSD;0.50;1.29858;1.29710;0.00;0.00;57.05;57.05;12472.78;560;161348;sl 1.29709
124;2011.01.07 00:45:00;2011.01.07 09:45:43;Sell;EURUSD;0.50;1.29834;1.29710;0.00;0.00;47.80;47.80;12520.58;540;161348;sl 1.29709
125;2010.12.31 17:00:00;2011.01.07 15:00:00;Buy;EURUSD;0.10;1.34172;1.29968;0.00;-4.51;-323.46;-327.97;12192.61;9960;161348;
128;2011.01.24 18:10:00;2011.01.25 21:24:36;Buy;EURUSD;0.10;1.36719;1.36854;0.00;-0.62;9.86;9.24;12201.85;1634;161348;sl 1.36854
129;2011.01.24 17:00:00;2011.01.25 21:32:32;Buy;EURUSD;0.10;1.36759;1.36922;0.00;-0.62;11.90;11.28;12213.13;1712;161348;sl 1.36923
131;2011.02.01 18:15:00;2011.02.01 18:43:30;Buy;EURUSD;0.10;1.38100;1.38226;0.00;0.00;9.12;9.12;12222.25;28;161348;sl 1.38226
134;2011.02.17 18:05:00;2011.02.18 14:15:13;Buy;EURUSD;0.10;1.36157;1.36265;0.00;-0.63;7.93;7.30;12229.55;1210;161348;sl 1.36265
135;2011.02.18 00:45:00;2011.02.18 17:37:00;Buy;EURUSD;0.10;1.36249;1.36561;0.00;0.00;22.85;22.85;12252.40;1012;161348;sl 1.36564
138;2011.02.18 18:25:00;2011.02.18 19:57:36;Buy;EURUSD;0.10;1.36782;1.36984;0.00;0.00;14.75;14.75;12267.15;92;161348;sl 1.36985
139;2011.02.18 19:45:00;2011.02.23 07:58:17;Buy;EURUSD;0.10;1.36978;1.37182;0.00;-1.86;14.87;13.01;12280.16;6493;161348;sl 1.37183
142;2011.03.14 11:45:00;2011.03.14 17:15:37;Buy;EURUSD;0.10;1.39739;1.39862;0.00;0.00;8.79;8.79;12288.95;330;161348;sl 1.39862
143;2011.03.14 17:05:00;2011.03.15 20:16:42;Buy;EURUSD;0.10;1.39906;1.40023;0.00;-0.61;8.36;7.75;12296.70;1631;161348;sl 1.40023
145;2011.03.17 11:55:00;2011.03.18 02:39:14;Buy;EURUSD;0.10;1.40263;1.40765;0.00;-0.61;35.66;35.05;12331.75;884;161348;tp 1.40763
147;2011.03.21 18:40:00;2011.03.21 19:55:49;Buy;EURUSD;0.10;1.42175;1.42295;0.00;0.00;8.43;8.43;12340.18;75;161348;sl 1.42295
150;2011.03.29 09:55:00;2011.03.31 07:27:38;Buy;EURUSD;0.10;1.41385;1.41559;0.00;-2.41;12.29;9.88;12350.06;2732;161348;sl 1.41559
151;2011.03.31 07:25:00;2011.03.31 10:52:59;Buy;EURUSD;0.10;1.41598;1.42100;0.00;0.00;35.33;35.33;12385.39;207;161348;tp 1.42098
154;2011.03.31 11:07:00;2011.04.04 02:28:23;Buy;EURUSD;0.10;1.42250;1.42576;0.00;-1.20;22.86;21.66;12407.05;5241;161348;sl 1.42577
155;2011.03.31 11:15:00;2011.04.04 02:28:23;Buy;EURUSD;0.10;1.42306;1.42576;0.00;-1.20;18.94;17.74;12424.79;5233;161348;sl 1.42577
157;2011.04.20 03:10:00;2011.04.20 03:54:38;Buy;EURUSD;0.10;1.43823;1.44020;0.00;0.00;13.68;13.68;12438.47;44;161348;sl 1.44021
160;2011.04.20 09:00:00;2011.04.20 10:35:36;Buy;EURUSD;0.10;1.44184;1.44435;0.00;0.00;17.38;17.38;12455.85;95;161348;sl 1.44435
161;2011.04.20 09:10:00;2011.04.20 10:35:36;Buy;EURUSD;0.10;1.44226;1.44435;0.00;0.00;14.47;14.47;12470.32;85;161348;sl 1.44435
163;2011.04.21 08:40:00;2011.04.21 10:05:59;Buy;EURUSD;0.10;1.46201;1.46301;0.00;0.00;6.84;6.84;12477.16;85;161348;sl 1.46302
165;2011.04.25 13:25:00;2011.04.26 11:20:35;Buy;EURUSD;0.10;1.46256;1.46411;0.00;-0.58;10.59;10.01;12487.17;1315;161348;sl 1.46411
167;2011.04.27 07:20:00;2011.04.27 19:56:27;Buy;EURUSD;0.10;1.46963;1.47299;0.00;0.00;22.81;22.81;12509.98;756;161348;sl 1.47300
169;2011.04.28 02:10:00;2011.04.28 03:29:02;Buy;EURUSD;0.10;1.48182;1.48360;0.00;0.00;12.00;12.00;12521.98;79;161348;sl 1.48362
171;2011.05.11 18:35:00;2011.05.11 20:32:43;Sell;EURUSD;0.50;1.42072;1.41834;0.00;0.00;83.90;83.90;12605.88;117;161348;sl 1.41834
174;2011.05.23 08:20:00;2011.05.23 09:01:28;Sell;EURUSD;0.50;1.40489;1.40322;0.00;0.00;59.51;59.51;12665.39;41;161348;sl 1.40318
175;2011.05.23 09:00:00;2011.05.23 09:40:38;Sell;EURUSD;0.50;1.40252;1.40067;0.00;0.00;66.04;66.04;12731.43;40;161348;sl 1.40065
177;2011.05.25 04:10:00;2011.05.25 08:17:35;Sell;EURUSD;0.50;1.40396;1.40269;0.00;0.00;45.27;45.27;12776.70;247;161348;sl 1.40267
179;2011.05.27 23:00:00;2011.05.31 01:08:36;Buy;EURUSD;0.10;1.43180;1.43408;0.00;-1.19;15.90;14.71;12791.41;4448;161348;sl 1.43409
181;2011.06.03 16:05:00;2011.06.03 16:37:00;Buy;EURUSD;0.10;1.45515;1.45692;0.00;0.00;12.15;12.15;12803.56;32;161348;sl 1.45697
183;2011.06.03 18:05:00;2011.06.03 18:43:51;Buy;EURUSD;0.10;1.46003;1.46285;0.00;0.00;19.28;19.28;12822.84;38;161348;sl 1.46285
185;2011.06.15 19:10:00;2011.06.15 19:26:36;Sell;EURUSD;0.50;1.41878;1.41759;0.00;0.00;41.97;41.97;12864.81;16;161348;sl 1.41758
187;2011.06.22 17:00:00;2011.06.29 15:00:00;Buy;EURUSD;0.10;1.44344;1.44144;0.00;-4.17;-13.88;-18.05;12846.76;9960;161348;
189;2011.06.30 04:25:00;2011.06.30 04:33:39;Buy;EURUSD;0.10;1.44776;1.44926;0.00;0.00;10.35;10.35;12857.11;8;161348;sl 1.44927
191;2011.06.30 06:35:00;2011.07.01 08:23:34;Buy;EURUSD;0.10;1.45177;1.45333;0.00;-0.59;10.73;10.14;12867.25;1548;161348;sl 1.45333
194;2011.07.18 02:55:00;2011.07.18 08:44:14;Sell;EURUSD;0.50;1.40696;1.40378;0.00;0.00;113.27;113.27;12980.52;349;161348;sl 1.40378
195;2011.07.18 04:05:00;2011.07.18 08:44:14;Sell;EURUSD;0.50;1.40648;1.40378;0.00;0.00;96.17;96.17;13076.69;279;161348;sl 1.40378
197;2011.07.21 08:35:00;2011.07.21 14:47:36;Buy;EURUSD;0.10;1.42882;1.43120;0.00;0.00;16.63;16.63;13093.32;372;161348;sl 1.43121
199;2011.07.21 16:15:00;2011.07.21 16:31:53;Buy;EURUSD;0.10;1.43475;1.43975;0.00;0.00;34.73;34.73;13128.05;16;161348;tp 1.43975
201;2011.07.26 07:10:00;2011.07.26 07:58:35;Buy;EURUSD;0.10;1.44860;1.44992;0.00;0.00;9.10;9.10;13137.15;48;161348;sl 1.44993
204;2011.08.01 08:30:00;2011.08.01 12:09:15;Buy;EURUSD;0.10;1.44100;1.44426;0.00;0.00;22.57;22.57;13159.72;219;161348;sl 1.44426
206;2011.08.01 12:00:00;2011.08.08 10:00:00;Buy;EURUSD;0.10;1.44445;1.43554;0.00;-4.18;-62.07;-66.25;13093.47;9960;161348;
208;2011.08.09 23:35:00;2011.08.15 15:33:38;Buy;EURUSD;0.10;1.43873;1.44063;0.00;-3.59;13.19;9.60;13103.07;8158;161348;sl 1.44064
210;2011.08.17 12:50:00;2011.08.17 13:32:29;Buy;EURUSD;0.10;1.44555;1.44786;0.00;0.00;15.95;15.95;13119.02;42;161348;sl 1.44787
212;2011.08.17 15:10:00;2011.08.17 15:57:37;Buy;EURUSD;0.10;1.44881;1.45067;0.00;0.00;12.82;12.82;13131.84;47;161348;sl 1.45067
214;2011.08.24 16:00:00;2011.08.26 17:34:39;Buy;EURUSD;0.10;1.44743;1.44886;0.00;-2.36;9.87;7.51;13139.35;2974;161348;sl 1.44886
216;2011.08.29 08:15:00;2011.09.05 06:15:00;Buy;EURUSD;0.10;1.45460;1.41614;0.00;-4.16;-271.58;-275.74;12863.61;9960;161348;
219;2011.08.05 01:20:00;2011.09.06 06:10:15;Sell;EURUSD;0.50;1.40636;1.40499;0.00;28.22;48.75;76.97;12940.58;46370;161348;sl 1.40498
220;2011.09.05 15:00:00;2011.09.06 06:10:15;Sell;EURUSD;0.50;1.40742;1.40499;0.00;0.96;86.48;87.44;13028.02;910;161348;sl 1.40498
221;2011.09.05 15:20:00;2011.09.06 06:10:15;Sell;EURUSD;0.50;1.40686;1.40499;0.00;0.96;66.55;67.51;13095.53;890;161348;sl 1.40498
223;2011.09.08 20:00:00;2011.09.09 08:33:15;Sell;EURUSD;0.50;1.38888;1.38746;0.00;0.97;51.17;52.14;13147.67;753;161348;sl 1.38746
226;2011.09.09 16:40:00;2011.09.09 16:56:43;Sell;EURUSD;0.50;1.36648;1.36542;0.00;0.00;38.82;38.82;13186.49;16;161348;sl 1.36541
227;2011.09.09 16:50:00;2011.09.09 17:40:05;Sell;EURUSD;0.50;1.36517;1.36386;0.00;0.00;48.03;48.03;13234.52;50;161348;sl 1.36385
229;2011.09.19 00:05:00;2011.09.19 02:00:04;Sell;EURUSD;0.50;1.36986;1.36865;0.00;0.00;44.20;44.20;13278.72;115;161348;sl 1.36862
232;2011.09.30 15:10:00;2011.09.30 15:39:14;Sell;EURUSD;0.50;1.34637;1.34377;0.00;0.00;96.74;96.74;13375.46;29;161348;sl 1.34377
233;2011.09.30 15:20:00;2011.09.30 15:39:14;Sell;EURUSD;0.50;1.34615;1.34377;0.00;0.00;88.56;88.56;13464.02;19;161348;sl 1.34377
235;2011.10.12 11:25:00;2011.10.12 12:12:29;Buy;EURUSD;0.10;1.37915;1.38047;0.00;0.00;9.56;9.56;13473.58;47;161348;sl 1.38047
238;2011.10.27 15:25:00;2011.10.27 17:16:39;Buy;EURUSD;0.10;1.41297;1.41798;0.00;0.00;35.33;35.33;13508.91;111;161348;tp 1.41797
239;2011.10.27 16:45:00;2011.10.27 17:19:26;Buy;EURUSD;0.10;1.41352;1.41698;0.00;0.00;24.42;24.42;13533.33;34;161348;sl 1.41698
241;2011.11.09 14:35:00;2011.11.09 15:48:20;Sell;EURUSD;0.50;1.35924;1.35697;0.00;0.00;83.64;83.64;13616.97;73;161348;sl 1.35697
243;2011.11.09 15:55:00;2011.11.09 20:09:40;Sell;EURUSD;0.50;1.35600;1.35471;0.00;0.00;47.61;47.61;13664.58;254;161348;sl 1.35469
246;2011.11.17 00:25:00;2011.11.23 11:18:35;Sell;EURUSD;0.50;1.34292;1.33952;0.00;4.00;126.91;130.91;13795.49;9293;161348;sl 1.33952
247;2011.11.17 00:35:00;2011.11.23 11:18:35;Sell;EURUSD;0.50;1.34308;1.33952;0.00;4.00;132.88;136.88;13932.37;9283;161348;sl 1.33952
249;2011.11.23 13:00:00;2011.11.23 16:03:15;Sell;EURUSD;0.50;1.33904;1.33699;0.00;0.00;76.66;76.66;14009.03;183;161348;sl 1.33699
253;2011.11.25 11:30:00;2011.11.25 12:05:00;Sell;EURUSD;0.50;1.32578;1.32482;0.00;0.00;36.23;36.23;14045.26;35;161348;sl 1.32471
255;2011.11.25 11:40:00;2011.11.25 12:31:15;Sell;EURUSD;0.50;1.32484;1.32359;0.00;0.00;47.22;47.22;14092.48;51;161348;sl 1.32359
256;2011.11.25 11:50:00;2011.11.25 14:39:38;Sell;EURUSD;0.50;1.32450;1.32238;0.00;0.00;80.16;80.16;14172.64;169;161348;sl 1.32236
257;2011.11.25 12:20:00;2011.11.25 14:39:38;Sell;EURUSD;0.50;1.32393;1.32238;0.00;0.00;58.61;58.61;14231.25;139;161348;sl 1.32236
260;2011.12.06 02:50:00;2011.12.06 08:23:35;Sell;EURUSD;0.50;1.33656;1.33539;0.00;0.00;43.81;43.81;14275.06;333;161348;sl 1.33538
262;2011.12.07 13:10:00;2011.12.07 15:29:42;Sell;EURUSD;0.50;1.33724;1.33620;0.00;0.00;38.92;38.92;14313.98;139;161348;sl 1.33619
264;2011.12.09 08:10:00;2011.12.12 10:39:40;Sell;EURUSD;0.50;1.32914;1.32785;0.00;1.01;48.57;49.58;14363.56;4469;161348;sl 1.32784
265;2011.11.30 08:35:00;2011.12.12 15:02:24;Sell;EURUSD;0.50;1.32622;1.32409;0.00;12.07;80.43;92.50;14456.06;17667;161348;sl 1.32409
267;2011.12.12 16:05:00;2011.12.12 16:35:40;Sell;EURUSD;0.50;1.32315;1.32213;0.00;0.00;38.57;38.57;14494.63;30;161348;sl 1.32212
269;2011.12.13 18:25:00;2011.12.13 20:20:29;Sell;EURUSD;0.50;1.30783;1.30602;0.00;0.00;69.29;69.29;14563.92;115;161348;sl 1.30600
271;2011.12.28 16:20:00;2011.12.28 16:39:38;Sell;EURUSD;0.50;1.29863;1.29540;0.00;0.00;124.67;124.67;14688.59;19;161348;sl 1.29540
273;2011.12.28 18:00:00;2011.12.29 01:21:01;Sell;EURUSD;0.50;1.29227;1.28985;0.00;3.13;93.81;96.94;14785.53;441;161348;sl 1.28984
275;2012.01.05 14:55:00;2012.01.05 15:45:26;Sell;EURUSD;0.50;1.28142;1.27947;0.00;0.00;76.20;76.20;14861.73;50;161348;sl 1.27947
277;2012.01.06 17:25:00;2012.01.09 00:22:39;Sell;EURUSD;0.50;1.27183;1.26682;0.00;1.06;197.74;198.80;15060.53;3297;161348;tp 1.26683
279;2012.01.11 15:40:00;2012.01.11 16:09:24;Sell;EURUSD;0.50;1.26932;1.26780;0.00;0.00;59.95;59.95;15120.48;29;161348;sl 1.26779
282;2012.01.26 11:00:00;2012.01.27 18:14:32;Buy;EURUSD;0.10;1.31674;1.31836;0.00;-0.65;12.29;11.64;15132.12;1874;161348;sl 1.31837
283;2012.01.26 16:00:00;2012.01.27 18:14:32;Buy;EURUSD;0.10;1.31668;1.31836;0.00;-0.65;12.74;12.09;15144.21;1574;161348;sl 1.31837
286;2012.02.09 07:10:00;2012.02.09 15:59:38;Buy;EURUSD;0.10;1.32979;1.33098;0.00;0.00;8.94;8.94;15153.15;529;161348;sl 1.33099
289;2012.02.14 19:00:00;2012.02.14 20:52:14;Sell;EURUSD;0.50;1.31166;1.30914;0.00;0.00;96.25;96.25;15249.40;112;161348;sl 1.30914
290;2012.02.14 19:10:00;2012.02.14 20:52:14;Sell;EURUSD;0.50;1.31031;1.30914;0.00;0.00;44.69;44.69;15294.09;102;161348;sl 1.30914
291;2012.02.09 07:20:00;2012.02.16 05:20:00;Buy;EURUSD;0.10;1.33043;1.30274;0.00;-4.53;-212.55;-217.08;15077.01;9960;161348;
293;2012.03.06 14:35:00;2012.03.06 15:29:04;Sell;EURUSD;0.50;1.31403;1.31240;0.00;0.00;62.10;62.10;15139.11;54;161348;sl 1.31239
295;2012.03.14 08:30:00;2012.03.14 16:58:20;Sell;EURUSD;0.50;1.30380;1.30241;0.00;0.00;53.36;53.36;15192.47;508;161348;sl 1.30240
297;2012.03.26 16:10:00;2012.03.26 22:24:12;Buy;EURUSD;0.10;1.33239;1.33566;0.00;0.00;24.48;24.48;15216.95;374;161348;sl 1.33567
299;2012.03.30 03:00:00;2012.03.30 07:35:15;Buy;EURUSD;0.10;1.33436;1.33555;0.00;0.00;8.91;8.91;15225.86;275;161348;sl 1.33555
301;2012.04.05 12:10:00;2012.04.05 14:40:35;Sell;EURUSD;0.50;1.30651;1.30502;0.00;0.00;57.09;57.09;15282.95;150;161348;sl 1.30501
303;2012.04.16 00:05:00;2012.04.16 02:01:03;Sell;EURUSD;0.50;1.30629;1.30521;0.00;0.00;41.37;41.37;15324.32;116;161348;sl 1.30521
305;2012.04.16 04:35:00;2012.04.16 08:41:45;Sell;EURUSD;0.50;1.30217;1.30054;0.00;0.00;62.67;62.67;15386.99;246;161348;sl 1.30054
308;2012.04.26 09:30:00;2012.04.27 14:59:45;Buy;EURUSD;0.10;1.32461;1.32595;0.00;-0.64;10.11;9.47;15396.46;1769;161348;sl 1.32595
310;2012.05.04 17:45:00;2012.05.07 00:01:00;Sell;EURUSD;0.50;1.30838;1.30234;0.00;1.03;231.89;232.92;15629.38;3256;161348;tp 1.30338
311;2012.04.18 15:25:00;2012.05.07 00:02:18;Sell;EURUSD;0.50;1.30646;1.30146;0.00;19.43;192.09;211.52;15840.90;26437;161348;tp 1.30146
313;2012.05.07 01:20:00;2012.05.09 14:40:04;Sell;EURUSD;0.50;1.29768;1.29453;0.00;2.07;121.67;123.74;15964.64;3680;161348;sl 1.29453
315;2012.05.23 02:20:00;2012.05.23 10:14:31;Sell;EURUSD;0.50;1.26530;1.26373;0.00;0.00;62.12;62.12;16026.76;474;161348;sl 1.26372
318;2012.06.18 08:00:00;2012.06.20 19:10:42;Buy;EURUSD;0.10;1.27172;1.27317;0.00;-1.35;11.39;10.04;16036.80;3550;161348;sl 1.27318
321;2012.06.21 20:20:00;2012.06.21 21:25:35;Sell;EURUSD;0.50;1.25582;1.25434;0.00;0.00;59.00;59.00;16095.80;65;161348;sl 1.25433
323;2012.06.21 21:20:00;2012.06.25 08:53:45;Sell;EURUSD;0.50;1.25387;1.25077;0.00;2.14;123.92;126.06;16221.86;5013;161348;sl 1.25077
324;2012.06.25 08:45:00;2012.06.25 11:33:33;Sell;EURUSD;0.50;1.25047;1.24928;0.00;0.00;47.63;47.63;16269.49;168;161348;sl 1.24928
326;2012.06.25 12:55:00;2012.06.26 14:47:40;Sell;EURUSD;0.50;1.24807;1.24664;0.00;1.08;57.35;58.43;16327.92;1552;161348;sl 1.24664
327;2012.06.08 15:00:00;2012.06.28 10:05:00;Sell;EURUSD;0.50;1.24455;1.24280;0.00;21.45;70.41;91.86;16419.78;28505;161348;sl 1.24278
329;2012.07.04 16:20:00;2012.07.04 17:07:15;Sell;EURUSD;0.50;1.25503;1.25189;0.00;0.00;125.41;125.41;16545.19;47;161348;sl 1.25189
331;2012.07.05 14:30:00;2012.07.05 14:44:42;Sell;EURUSD;0.50;1.24094;1.23872;0.00;0.00;89.61;89.61;16634.80;14;161348;sl 1.23872
333;2012.07.05 15:10:00;2012.07.05 15:34:27;Sell;EURUSD;0.50;1.23906;1.23750;0.00;0.00;63.03;63.03;16697.83;24;161348;sl 1.23750
337;2012.07.06 15:50:00;2012.07.06 18:04:27;Sell;EURUSD;0.50;1.23133;1.22770;0.00;0.00;147.84;147.84;16845.67;134;161348;sl 1.22769
338;2012.07.06 16:00:00;2012.07.06 18:04:27;Sell;EURUSD;0.50;1.23097;1.22770;0.00;0.00;133.18;133.18;16978.85;124;161348;sl 1.22769
339;2012.07.06 16:10:00;2012.07.06 18:04:27;Sell;EURUSD;0.50;1.23046;1.22770;0.00;0.00;112.41;112.41;17091.26;114;161348;sl 1.22769
341;2012.07.23 00:05:00;2012.07.23 04:51:30;Sell;EURUSD;0.50;1.21289;1.21170;0.00;0.00;49.10;49.10;17140.36;286;161348;sl 1.21170
343;2012.07.23 08:25:00;2012.07.23 14:49:41;Sell;EURUSD;0.50;1.20915;1.20781;0.00;0.00;55.47;55.47;17195.83;384;161348;sl 1.20780
345;2012.08.02 16:40:00;2012.08.02 16:58:04;Sell;EURUSD;0.50;1.21866;1.21711;0.00;0.00;63.68;63.68;17259.51;18;161348;sl 1.21710
348;2012.08.02 17:00:00;2012.08.02 17:24:39;Sell;EURUSD;0.50;1.21586;1.21447;0.00;0.00;57.23;57.23;17316.74;24;161348;sl 1.21447
350;2012.08.21 15:35:00;2012.08.22 20:01:25;Buy;EURUSD;0.10;1.24702;1.24826;0.00;-0.68;9.93;9.25;17325.99;1706;161348;sl 1.24828
352;2012.08.22 20:35:00;2012.08.23 03:57:37;Buy;EURUSD;0.10;1.25316;1.25420;0.00;-2.04;8.29;6.25;17332.24;442;161348;sl 1.25421
354;2012.08.28 11:30:00;2012.08.28 17:14:04;Buy;EURUSD;0.10;1.25540;1.25653;0.00;0.00;8.99;8.99;17341.23;344;161348;sl 1.25653
356;2012.08.31 12:40:00;2012.08.31 14:18:04;Buy;EURUSD;0.10;1.25785;1.26028;0.00;0.00;19.28;19.28;17360.51;98;161348;sl 1.26029
358;2012.09.06 10:15:00;2012.09.06 13:47:27;Buy;EURUSD;0.10;1.26285;1.26401;0.00;0.00;9.18;9.18;17369.69;212;161348;sl 1.26401
360;2012.09.13 20:25:00;2012.09.14 03:59:41;Buy;EURUSD;0.10;1.29925;1.30051;0.00;-0.65;9.69;9.04;17378.73;454;161348;sl 1.30051
363;2012.09.14 08:05:00;2012.09.14 12:20:37;Buy;EURUSD;0.10;1.30395;1.30895;0.00;0.00;38.20;38.20;17416.93;255;161348;tp 1.30895
364;2012.09.14 08:35:00;2012.09.14 12:25:20;Buy;EURUSD;0.10;1.30465;1.30799;0.00;0.00;25.54;25.54;17442.47;230;161348;sl 1.30799
367;2012.09.28 11:05:00;2012.10.04 14:36:04;Buy;EURUSD;0.10;1.29499;1.29788;0.00;-3.96;22.27;18.31;17460.78;8851;161348;sl 1.29788
368;2012.10.02 17:30:00;2012.10.04 14:36:04;Buy;EURUSD;0.10;1.29534;1.29788;0.00;-2.64;19.57;16.93;17477.71;2706;161348;sl 1.29788
370;2012.10.04 17:00:00;2012.10.04 20:00:31;Buy;EURUSD;0.10;1.30060;1.30208;0.00;0.00;11.37;11.37;17489.08;180;161348;sl 1.30210
371;2012.08.02 17:10:00;2012.10.12 10:00:00;Sell;EURUSD;0.50;1.21408;1.29836;0.00;75.48;-3245.63;-3170.15;14318.93;101810;161348;
373;2012.10.15 12:50:00;2012.10.16 08:26:29;Buy;EURUSD;0.10;1.29641;1.29847;0.00;-0.66;15.86;15.20;14334.13;1176;161348;sl 1.29849
375;2012.10.16 16:00:00;2012.10.17 00:01:15;Buy;EURUSD;0.10;1.30602;1.30882;0.00;-0.65;21.39;20.74;14354.87;481;161348;sl 1.30882
378;2012.10.31 09:40:00;2012.11.07 07:40:00;Buy;EURUSD;0.10;1.30025;1.28708;0.00;-4.61;-102.32;-106.93;14247.94;9960;161348;
379;2012.10.31 12:20:00;2012.11.07 10:20:00;Buy;EURUSD;0.10;1.30134;1.28440;0.00;-4.61;-131.89;-136.50;14111.44;9960;161348;
382;2012.11.08 14:35:00;2012.11.09 14:30:20;Sell;EURUSD;0.50;1.27198;1.27008;0.00;1.06;74.80;75.86;14187.30;1435;161348;sl 1.27006
383;2012.11.09 12:05:00;2012.11.09 14:30:20;Sell;EURUSD;0.50;1.27130;1.27008;0.00;0.00;48.03;48.03;14235.33;145;161348;sl 1.27006
389;2012.11.23 15:00:00;2012.11.23 16:58:13;Buy;EURUSD;0.10;1.29321;1.29579;0.00;0.00;19.91;19.91;14255.24;118;161348;sl 1.29580
390;2012.11.23 16:00:00;2012.11.23 16:58:13;Buy;EURUSD;0.10;1.29437;1.29579;0.00;0.00;10.96;10.96;14266.20;58;161348;sl 1.29580
392;2012.11.23 16:20:00;2012.11.23 18:11:31;Buy;EURUSD;0.10;1.29488;1.29695;0.00;0.00;15.96;15.96;14282.16;111;161348;sl 1.29695
393;2012.11.23 16:30:00;2012.11.23 18:34:01;Buy;EURUSD;0.10;1.29666;1.29795;0.00;0.00;9.94;9.94;14292.10;124;161348;sl 1.29796
394;2012.11.23 17:20:00;2012.11.23 18:34:01;Buy;EURUSD;0.10;1.29652;1.29795;0.00;0.00;11.02;11.02;14303.12;74;161348;sl 1.29796
397;2012.12.03 17:00:00;2012.12.04 14:37:03;Buy;EURUSD;0.10;1.30729;1.30903;0.00;-0.65;13.29;12.64;14315.76;1297;161348;sl 1.30903
398;2012.12.04 13:40:00;2012.12.05 01:26:31;Buy;EURUSD;0.10;1.30922;1.31059;0.00;-0.65;10.45;9.80;14325.56;706;161348;sl 1.31061
400;2012.12.11 16:00:00;2012.12.12 10:44:39;Buy;EURUSD;0.10;1.30000;1.30142;0.00;-0.65;10.91;10.26;14335.82;1124;161348;sl 1.30144
402;2012.12.18 17:00:00;2012.12.18 19:29:18;Buy;EURUSD;0.10;1.32129;1.32276;0.00;0.00;11.11;11.11;14346.93;149;161348;sl 1.32276
404;2012.12.19 13:40:00;2012.12.26 11:40:00;Buy;EURUSD;0.10;1.32960;1.32096;0.00;-3.85;-65.41;-69.26;14277.67;9960;161348;
406;2013.01.14 03:20:00;2013.01.21 01:20:00;Buy;EURUSD;0.10;1.33953;1.33093;0.00;-4.48;-64.62;-69.10;14208.57;9960;161348;
408;2013.01.25 10:20:00;2013.01.25 12:15:53;Buy;EURUSD;0.10;1.34412;1.34536;0.00;0.00;9.22;9.22;14217.79;115;161348;sl 1.34536
410;2013.01.29 18:10:00;2013.01.30 09:03:29;Buy;EURUSD;0.10;1.34833;1.35053;0.00;-0.63;16.29;15.66;14233.45;893;161348;sl 1.35053
412;2013.01.30 16:10:00;2013.02.01 01:00:37;Buy;EURUSD;0.10;1.35746;1.36068;0.00;-2.51;23.66;21.15;14254.60;1970;161348;sl 1.36068
414;2013.02.12 12:00:00;2013.02.12 12:13:04;Buy;EURUSD;0.10;1.34362;1.34522;0.00;0.00;11.89;11.89;14266.49;13;161348;sl 1.34523
417;2013.02.12 17:00:00;2013.02.13 10:51:40;Buy;EURUSD;0.10;1.34634;1.34768;0.00;-0.63;9.94;9.31;14275.80;1071;161348;sl 1.34769
418;2013.02.13 10:40:00;2013.02.13 13:46:27;Buy;EURUSD;0.10;1.34831;1.35091;0.00;0.00;19.25;19.25;14295.05;186;161348;sl 1.35093
420;2013.02.21 09:40:00;2013.02.21 10:06:56;Sell;EURUSD;0.50;1.32136;1.31987;0.00;0.00;56.44;56.44;14351.49;26;161348;sl 1.31987
422;2013.02.25 21:15:00;2013.02.25 21:34:30;Sell;EURUSD;0.50;1.31013;1.30801;0.00;0.00;81.04;81.04;14432.53;19;161348;sl 1.30799
426;2013.03.01 12:00:00;2013.03.01 13:36:32;Sell;EURUSD;0.50;1.30315;1.29971;0.00;0.00;132.34;132.34;14564.87;96;161348;sl 1.29970
427;2013.03.01 12:10:00;2013.03.01 13:36:32;Sell;EURUSD;0.50;1.30234;1.29971;0.00;0.00;101.18;101.18;14666.05;86;161348;sl 1.29970
428;2013.03.01 13:20:00;2013.03.01 16:03:33;Sell;EURUSD;0.50;1.29942;1.29795;0.00;0.00;56.63;56.63;14722.68;163;161348;sl 1.29794
432;2013.03.06 16:10:00;2013.03.06 23:19:36;Sell;EURUSD;0.50;1.29992;1.29750;0.00;0.00;93.26;93.26;14815.94;429;161348;sl 1.29750
433;2013.03.06 16:20:00;2013.03.06 23:19:36;Sell;EURUSD;0.50;1.29957;1.29750;0.00;0.00;79.77;79.77;14895.71;419;161348;sl 1.29750
437;2013.03.01 16:20:00;2013.03.13 14:51:40;Sell;EURUSD;0.50;1.29730;1.29389;0.00;10.35;131.77;142.12;15037.83;17191;161348;sl 1.29389
438;2013.03.13 13:45:00;2013.03.13 14:51:40;Sell;EURUSD;0.50;1.29729;1.29389;0.00;0.00;131.39;131.39;15169.22;66;161348;sl 1.29389
439;2013.03.13 14:05:00;2013.03.13 14:51:40;Sell;EURUSD;0.50;1.29681;1.29389;0.00;0.00;112.84;112.84;15282.06;46;161348;sl 1.29389
440;2013.03.13 14:45:00;2013.03.14 12:59:04;Sell;EURUSD;0.50;1.29366;1.29255;0.00;3.12;42.94;46.06;15328.12;1334;161348;sl 1.29254
442;2013.03.18 00:40:00;2013.03.18 06:59:39;Sell;EURUSD;0.50;1.29055;1.28925;0.00;0.00;50.42;50.42;15378.54;379;161348;sl 1.28922
445;2013.04.04 10:00:00;2013.04.04 14:38:39;Sell;EURUSD;0.50;1.27998;1.27884;0.00;0.00;44.57;44.57;15423.11;278;161348;sl 1.27884
446;2013.04.04 10:40:00;2013.04.04 14:40:41;Sell;EURUSD;0.50;1.27890;1.27675;0.00;0.00;84.20;84.20;15507.31;240;161348;sl 1.27674
448;2013.04.11 12:20:00;2013.04.16 14:33:35;Buy;EURUSD;0.10;1.31227;1.31377;0.00;-1.95;11.42;9.47;15516.78;7333;161348;sl 1.31378
451;2013.04.30 16:10:00;2013.04.30 16:32:36;Buy;EURUSD;0.10;1.31596;1.31703;0.00;0.00;8.12;8.12;15524.90;22;161348;sl 1.31704
452;2013.04.30 16:30:00;2013.05.01 11:44:02;Buy;EURUSD;0.10;1.31746;1.31897;0.00;-0.65;11.45;10.80;15535.70;1154;161348;sl 1.31897
456;2013.05.01 14:20:00;2013.05.08 12:20:00;Buy;EURUSD;0.10;1.32324;1.31346;0.00;-4.54;-74.46;-79.00;15456.70;9960;161348;
457;2013.05.01 14:30:00;2013.05.08 12:30:00;Buy;EURUSD;0.10;1.32402;1.31318;0.00;-4.54;-82.55;-87.09;15369.61;9960;161348;
458;2013.05.08 12:10:00;2013.05.08 14:33:04;Buy;EURUSD;0.10;1.31426;1.31529;0.00;0.00;7.83;7.83;15377.44;143;161348;sl 1.31530
460;2013.05.10 16:10:00;2013.05.10 16:28:18;Sell;EURUSD;0.50;1.29885;1.29744;0.00;0.00;54.34;54.34;15431.78;18;161348;sl 1.29743
463;2013.06.03 18:05:00;2013.06.05 14:20:21;Buy;EURUSD;0.10;1.30957;1.31055;0.00;-1.30;7.48;6.18;15437.96;2655;161348;sl 1.31057
464;2013.06.03 18:25:00;2013.06.05 14:20:21;Buy;EURUSD;0.10;1.30955;1.31055;0.00;-1.30;7.63;6.33;15444.29;2635;161348;sl 1.31057
466;2013.06.06 19:15:00;2013.06.06 19:25:38;Buy;EURUSD;0.10;1.32645;1.32939;0.00;0.00;22.12;22.12;15466.41;10;161348;sl 1.32940
468;2013.06.10 21:45:00;2013.06.11 06:13:37;Buy;EURUSD;0.10;1.32594;1.32811;0.00;-0.64;16.34;15.70;15482.11;508;161348;sl 1.32812
470;2013.06.21 16:45:00;2013.06.21 18:04:34;Sell;EURUSD;0.50;1.31324;1.31208;0.00;0.00;44.20;44.20;15526.31;79;161348;sl 1.31207
473;2013.06.26 12:25:00;2013.06.26 17:36:17;Sell;EURUSD;0.50;1.30269;1.29951;0.00;0.00;122.35;122.35;15648.66;311;161348;sl 1.29949
474;2013.06.26 12:35:00;2013.06.26 17:36:17;Sell;EURUSD;0.50;1.30173;1.29951;0.00;0.00;85.42;85.42;15734.08;301;161348;sl 1.29949
476;2013.07.05 10:45:00;2013.07.05 14:31:29;Sell;EURUSD;0.50;1.28744;1.28239;0.00;0.00;196.90;196.90;15930.98;226;161348;tp 1.28244
478;2013.07.16 14:25:00;2013.07.16 17:44:31;Buy;EURUSD;0.10;1.31225;1.31443;0.00;0.00;16.59;16.59;15947.57;199;161348;sl 1.31444
481;2013.07.22 01:45:00;2013.07.22 11:57:32;Buy;EURUSD;0.10;1.31580;1.31810;0.00;0.00;17.45;17.45;15965.02;612;161348;sl 1.31810
482;2013.07.16 21:45:00;2013.07.22 16:02:37;Buy;EURUSD;0.10;1.31716;1.31961;0.00;-3.89;18.57;14.68;15979.70;8297;161348;sl 1.31961
484;2013.07.22 16:05:00;2013.07.23 16:57:37;Buy;EURUSD;0.10;1.32085;1.32200;0.00;-0.65;8.70;8.05;15987.75;1492;161348;sl 1.32200
487;2013.07.25 21:15:00;2013.07.25 22:26:26;Buy;EURUSD;0.10;1.32719;1.32856;0.00;0.00;10.31;10.31;15998.06;71;161348;sl 1.32856
488;2013.07.25 21:25:00;2013.07.30 13:47:31;Buy;EURUSD;0.10;1.32794;1.32909;0.00;-1.92;8.65;6.73;16004.79;6742;161348;sl 1.32909
490;2013.08.06 15:40:00;2013.08.06 16:56:59;Buy;EURUSD;0.10;1.32984;1.33127;0.00;0.00;10.74;10.74;16015.53;76;161348;sl 1.33129
492;2013.08.07 19:10:00;2013.08.08 09:17:28;Buy;EURUSD;0.10;1.33343;1.33590;0.00;-1.91;18.49;16.58;16032.11;847;161348;sl 1.33591
494;2013.08.15 04:30:00;2013.08.15 19:15:36;Buy;EURUSD;0.10;1.33006;1.33318;0.00;0.00;23.40;23.40;16055.51;885;161348;sl 1.33319
496;2013.08.19 12:05:00;2013.08.19 12:13:38;Buy;EURUSD;0.10;1.33500;1.33644;0.00;0.00;10.77;10.77;16066.28;8;161348;sl 1.33644
498;2013.08.20 14:35:00;2013.08.20 15:51:05;Buy;EURUSD;0.10;1.34273;1.34417;0.00;0.00;10.71;10.71;16076.99;76;161348;sl 1.34418
500;2013.08.30 17:00:00;2013.09.03 09:01:24;Sell;EURUSD;0.50;1.31855;1.31738;0.00;2.04;44.41;46.45;16123.44;5281;161348;sl 1.31738
502;2013.09.16 00:10:00;2013.09.18 20:00:23;Buy;EURUSD;0.10;1.33704;1.34246;0.00;-1.28;40.37;39.09;16162.53;4070;161348;tp 1.34204
505;2013.09.18 20:20:00;2013.09.18 20:41:56;Buy;EURUSD;0.10;1.34631;1.34760;0.00;0.00;9.57;9.57;16172.10;21;161348;sl 1.34761
507;2013.09.18 20:40:00;2013.09.18 21:02:39;Buy;EURUSD;0.10;1.34797;1.35011;0.00;0.00;15.85;15.85;16187.95;22;161348;sl 1.35012
508;2013.09.18 20:50:00;2013.09.18 22:39:54;Buy;EURUSD;0.10;1.34930;1.35315;0.00;0.00;28.45;28.45;16216.40;109;161348;sl 1.35315
510;2013.10.01 08:50:00;2013.10.02 15:29:02;Buy;EURUSD;0.10;1.35795;1.35935;0.00;-0.63;10.30;9.67;16226.07;1839;161348;sl 1.35937
513;2013.10.14 14:40:00;2013.10.17 09:39:36;Buy;EURUSD;0.10;1.35861;1.36128;0.00;-3.15;19.61;16.46;16242.53;4019;161348;sl 1.36129
514;2013.10.14 15:50:00;2013.10.17 09:39:36;Buy;EURUSD;0.10;1.35856;1.36128;0.00;-3.15;19.98;16.83;16259.36;3949;161348;sl 1.36129
516;2013.10.17 09:40:00;2013.10.17 10:02:34;Buy;EURUSD;0.10;1.36145;1.36274;0.00;0.00;9.47;9.47;16268.83;22;161348;sl 1.36275
518;2013.10.17 11:30:00;2013.10.17 14:27:45;Buy;EURUSD;0.10;1.36330;1.36577;0.00;0.00;18.09;18.09;16286.92;177;161348;sl 1.36578
522;2013.10.18 09:40:00;2013.10.22 14:30:33;Buy;EURUSD;0.10;1.36867;1.37393;0.00;-1.24;38.28;37.04;16323.96;6050;161348;tp 1.37367
523;2013.10.18 11:00:00;2013.10.22 14:30:35;Buy;EURUSD;0.10;1.36923;1.37447;0.00;-1.24;38.12;36.88;16360.84;5970;161348;tp 1.37423
524;2013.10.18 12:20:00;2013.10.22 14:31:14;Buy;EURUSD;0.10;1.36967;1.37468;0.00;-1.24;36.44;35.20;16396.04;5891;161348;tp 1.37467
526;2013.10.22 18:00:00;2013.10.24 08:50:33;Buy;EURUSD;0.10;1.37770;1.38121;0.00;-2.47;25.41;22.94;16418.98;2330;161348;sl 1.38121
528;2013.11.01 16:30:00;2013.11.04 04:17:00;Sell;EURUSD;0.50;1.34834;1.34654;0.00;1.00;66.84;67.84;16486.82;3587;161348;sl 1.34651
530;2013.11.07 14:05:00;2013.11.07 14:31:40;Sell;EURUSD;0.50;1.33715;1.33214;0.00;0.00;188.04;188.04;16674.86;26;161348;tp 1.33215
533;2013.11.08 16:15:00;2013.11.08 16:31:39;Sell;EURUSD;0.50;1.33391;1.33281;0.00;0.00;41.27;41.27;16716.13;16;161348;sl 1.33281
535;2013.11.27 10:05:00;2013.11.27 11:01:55;Buy;EURUSD;0.10;1.35925;1.36028;0.00;0.00;7.57;7.57;16723.70;56;161348;sl 1.36028
537;2013.12.06 18:35:00;2013.12.09 10:36:13;Buy;EURUSD;0.10;1.36974;1.37187;0.00;-0.62;15.53;14.91;16738.61;3841;161348;sl 1.37187
541;2013.12.11 17:05:00;2013.12.11 18:30:30;Buy;EURUSD;0.10;1.37898;1.38004;0.00;0.00;7.68;7.68;16746.29;85;161348;sl 1.38005
542;2013.12.11 16:50:00;2013.12.18 14:50:00;Buy;EURUSD;0.10;1.37929;1.37427;0.00;-4.33;-36.53;-40.86;16705.43;9960;161348;
543;2013.12.11 18:25:00;2013.12.18 16:25:00;Buy;EURUSD;0.10;1.38029;1.37587;0.00;-4.33;-32.13;-36.46;16668.97;9960;161348;
546;2013.12.27 04:00:00;2013.12.27 04:18:34;Buy;EURUSD;0.10;1.37239;1.37351;0.00;0.00;8.15;8.15;16677.12;18;161348;sl 1.37351
547;2013.12.27 04:10:00;2013.12.27 08:12:26;Buy;EURUSD;0.10;1.37335;1.37634;0.00;0.00;21.72;21.72;16698.84;242;161348;sl 1.37635
550;2013.12.27 09:20:00;2013.12.27 12:34:14;Buy;EURUSD;0.10;1.37880;1.38382;0.00;0.00;36.28;36.28;16735.12;194;161348;tp 1.38380
551;2013.12.27 09:30:00;2013.12.27 12:41:14;Buy;EURUSD;0.10;1.37964;1.38480;0.00;0.00;37.26;37.26;16772.38;191;161348;tp 1.38464
553;2013.12.30 16:05:00;2013.12.31 18:59:59;Buy;EURUSD;0.10;1.38004;1.37876;0.00;-0.62;-9.28;-9.90;16762.48;1614;0;end of test
554;2013.11.08 16:25:00;2013.12.31 18:59:59;Sell;EURUSD;0.50;1.33266;1.37880;0.00;50.53;-1673.19;-1622.66;15139.82;76474;0;end of test
555;2012.11.16 16:20:00;2013.12.31 18:59:59;Sell;EURUSD;0.50;1.26998;1.37880;0.00;415.06;-3946.19;-3531.13;11608.69;590559;0;end of test
